ItemID;Name;Path;Type;CreationDate;ModifiedDate;Hidden
B7C0FF57-3B5F-43A1-A18F-C2F4C231B064;Akıllı İlan;/.KARİYER.NET CORE/Akıllı İlan;13;2021-11-17 17:22:43.030;2024-03-29 11:31:05.910;False
F22A01B3-DBFB-4469-B326-684903411CD2;Akıllı İlan Performansı;/.KARİYER.NET CORE/Akıllı İlan Performansı;13;2021-11-17 16:52:52.077;2023-03-21 12:13:36.223;False
DA2AD5A9-5A20-4A62-A968-5C258B5159CF;Canli Isin Olsun Metrikleri;/.KARİYER.NET CORE/Canli Isin Olsun Metrikleri;13;2020-03-23 15:54:08.213;2024-12-17 18:44:34.317;False
0951655E-26FD-4B4B-9676-996387B50E75;Canli Saatlik Metrikler;/.KARİYER.NET CORE/Canli Saatlik Metrikler;13;2020-04-22 15:06:47.080;2024-12-17 18:44:54.303;False
FAB0AD7D-351D-4276-8EFB-A867F0822BC4;Canli Satis Dashboard;/.KARİYER.NET CORE/Canli Satis Dashboard;13;2018-05-23 08:55:07.793;2026-03-17 13:20:24.253;False
11BE7C8B-B2FD-4502-8D50-D3D832E8CCCD;Cekilen Ilan Sayisi ve Hata Raporu;/.KARİYER.NET CORE/Cekilen Ilan Sayisi ve Hata Raporu;2;2018-04-12 09:22:13.233;2021-12-23 09:05:50.433;False
2C8D9EB2-614C-46A1-A453-74C3EE387EF1;Daily Sales;/.KARİYER.NET CORE/Daily Sales;2;2021-03-22 15:50:33.130;2024-09-11 13:40:10.463;False
91527383-BAB3-47AF-BC1F-08758FB4C5D9;Ek Urun Raporu (YTD Karşılaştırma);/.KARİYER.NET CORE/Ek Urun Raporu (YTD Karşılaştırma);2;2020-09-10 16:55:28.957;2024-06-13 13:12:03.013;False
AEFD1DA3-974A-402F-9A28-BB65E88E7DE6;İlk 100 Gün Ek Ürün Satışı;/.KARİYER.NET CORE/İlk 100 Gün Ek Ürün Satışı;13;2024-11-01 16:45:54.423;2024-11-01 17:22:01.993;False
5AC1E615-65C3-4727-9B36-2FE24FC50887;İşin Olsun Metrikleri;/.KARİYER.NET CORE/İşin Olsun Metrikleri;13;2021-12-10 14:04:52.617;2025-05-29 09:49:48.500;False
9FDAA504-8FBA-43FC-AA20-F557C3D4D3B9;Istihdam  Endeksi;/.KARİYER.NET CORE/Istihdam  Endeksi;13;2019-03-07 16:56:39.547;2024-12-17 19:37:22.873;False
4E10A504-899B-4821-9347-50C345550DE4;Konsolide Firma ve Aday;/.KARİYER.NET CORE/Konsolide Firma ve Aday;13;2021-12-27 09:42:49.243;2022-12-27 12:15:12.540;False
5D19D329-A484-4A95-8560-CC50F3F8E43F;Metrics;/.KARİYER.NET CORE/Metrics;2;2018-04-03 10:07:48.387;2024-12-09 13:51:18.703;False
83940BA1-5BBA-4733-A1F2-B65459F053B6;MTD Gorunum;/.KARİYER.NET CORE/MTD Gorunum;13;2021-04-22 09:34:59.700;2026-03-11 15:24:16.720;False
83BFFE81-95BC-48EA-B770-105EF059E0A7;Pazar Payı-İlan;/.KARİYER.NET CORE/Pazar Payı-İlan;13;2022-02-28 16:25:05.503;2025-05-09 12:14:02.600;False
AEEF6334-51F7-41B7-831C-880CEF36A6CC;Raportal Kullanimi;/.KARİYER.NET CORE/Raportal Kullanimi;2;2018-10-19 13:13:46.787;2023-12-29 11:06:42.827;False
5E0181FE-F556-4D4D-85A0-EBF4B1039308;Rekorlar;/.KARİYER.NET CORE/Rekorlar;2;2018-05-28 16:38:51.360;2021-09-20 11:01:59.040;False
5BEABF20-6C7F-491B-BEFB-23388E048FA6;Rekorlarımız;/.KARİYER.NET CORE/Rekorlarımız;13;2021-12-01 11:11:49.160;2024-03-05 10:13:05.353;False
B9F72722-3090-496F-A4EE-5735E2B6E24D;Satış Aktivite Raporu;/.KARİYER.NET CORE/Satış Aktivite Raporu;13;2024-09-25 16:22:37.197;2026-03-19 10:12:16.860;False
31B77169-6F1B-4299-A5E3-A73821931DEC;Spent;/.KARİYER.NET CORE/Spent;13;2022-12-27 18:44:38.190;2026-01-16 15:47:55.657;False
76041583-FF1E-4271-853D-82186C3D53CC;Süper İlan;/.KARİYER.NET CORE/Süper İlan;13;2024-10-31 17:00:09.543;2026-02-18 10:19:40.123;False
579DA801-FB21-49F2-B1E0-C196CE40E937;Techcareer Dashboard;/.KARİYER.NET CORE/Techcareer Dashboard;13;2023-01-17 17:57:06.837;2026-03-13 16:00:41.203;False
02DF844E-EBFB-46DC-B41A-E7734AD215B9;Techcareer Günlük Metrikleri;/.KARİYER.NET CORE/Techcareer Günlük Metrikleri;13;2024-10-14 16:19:40.740;2025-12-10 15:50:48.767;False
EE15F0F6-7ABC-4AFE-AD5A-2B7751583893;Yıllık Kariyer.net KPIs;/.KARİYER.NET CORE/Yıllık Kariyer.net KPIs;13;2021-11-26 15:05:44.090;2025-01-02 12:37:43.437;False
372730C2-ECBD-4009-AA42-3964DE860EAD;Bas Getir Detay Raporu;/AZR Sorgu/Bas Getir Detay Raporu;13;2026-01-30 10:28:29.320;2026-01-30 11:08:39.500;False
9E8FC165-B2B0-4000-B1B6-1AF040B3F662;Bas Getir Raporu;/AZR Sorgu/Bas Getir Raporu;13;2026-01-30 10:05:28.873;2026-01-30 11:10:56.433;False
F55E0DD0-8820-45C9-849E-0B82574FC612;Eğitim Memnuniyet Anketi;/AZR Sorgu/Eğitim Memnuniyet Anketi;13;2026-01-30 10:00:05.700;2026-01-30 14:01:31.907;False
EB1A8CCD-D206-4F60-8E91-75C28A5230AA;Global Counter-Sayaç Hakkı Tanım;/AZR Sorgu/Global Counter-Sayaç Hakkı Tanım;13;2026-01-30 09:58:29.797;2026-01-30 10:26:32.790;False
FF8872E1-B193-4063-8646-6CECE3262341;İşin Olsun Memnuniyet;/AZR Sorgu/İşin Olsun Memnuniyet;13;2026-01-30 10:15:41.927;2026-02-10 16:09:07.493;False
1B635E14-33F5-4AFB-9EB1-F7572BDDC47D;Teknoloji Ilan Takibi-Memnuniyet Aramaları;/AZR Sorgu/Teknoloji Ilan Takibi-Memnuniyet Aramaları;13;2026-01-30 10:17:13.547;2026-02-10 16:09:26.623;False
429E6B43-B7C2-4756-A2C9-5CE50EC020FF;12 Taksitli Sozlesmeler;/Finans/12 Taksitli Sozlesmeler;2;2020-07-20 10:38:19.750;2020-07-20 10:38:19.750;False
58F43933-ACC7-48E6-A64E-FA75E5CB08FE;Finans - Satis Listesi Raporu;/Finans/Finans - Satis Listesi Raporu;2;2020-07-20 10:38:17.350;2020-07-20 10:38:17.350;False
89CF9536-51E6-4115-995F-D58584407B6B;Finans Tahsilat Raporu;/Finans/Finans Tahsilat Raporu;2;2020-07-20 10:38:14.713;2024-02-05 15:30:00.950;False
9C525953-B33C-4474-A3C3-BAA8537CC2F8;Gelir Paylaşım Modeli;/Finans/Gelir Paylaşım Modeli;13;2023-03-22 19:30:32.257;2024-12-17 19:36:53.440;False
5C11ED4F-0986-4BF4-B7CB-899E9A5F9B35;Genel Satis Istatistikleri;/Finans/Genel Satis Istatistikleri;2;2020-07-20 10:38:05.947;2020-07-20 10:38:05.947;False
8CB1D10D-0886-451A-BA6F-9BEE406A0057;IFRS Raporu;/Finans/IFRS Raporu;13;2026-03-26 15:52:39.577;2026-03-26 16:04:18.793;False
23CF8636-AF77-42BF-AEEE-6C60ED5F21F1;Sonradan Girilen Sozlesmeler;/Finans/Sonradan Girilen Sozlesmeler;2;2018-04-12 11:54:33.603;2021-09-21 10:08:33.350;False
3FFA124F-3DE1-4950-98CD-C519D7F81B44;Tahsilat Kapama Raporu;/Finans/Tahsilat Kapama Raporu;2;2020-07-20 10:38:12.170;2020-07-20 10:38:12.170;False
435EFD8D-C339-4DCC-AD60-6FFBE3EB2D74;Vadeli Sozlesme Odemeleri;/Finans/Vadeli Sozlesme Odemeleri;2;2018-04-12 11:32:20.580;2021-09-20 14:03:39.330;False
C9DF46BF-AA06-4BB2-88B7-B24ED7405925;Gunluk Hedef Dashboard;/Gunluk Hedef Dashboard;13;2020-09-02 18:49:07.327;2026-04-06 18:08:16.080;False
48CABB85-0997-42BA-8305-1D434D469336;Egitim Anketi Sonuclari;/İnsan Kaynakları ve Eğitim/Egitim Anketi Sonuclari;2;2019-02-19 15:43:07.737;2022-02-03 14:14:10.607;False
8E26592B-F310-4B90-9B54-5269E137D745;Performans Yorum Raporu;/İnsan Kaynakları ve Eğitim/Performans Yorum Raporu;2;2020-08-12 16:02:43.190;2021-09-20 15:16:36.943;False
D8F9C772-3EA0-4350-A03C-ECB628DE1291;Satis Performans Degerlendirme Raporu;/İnsan Kaynakları ve Eğitim/Satis Performans Degerlendirme Raporu;2;2019-07-12 16:40:59.593;2021-09-20 15:16:48.207;False
DAABA81B-D04C-4B0C-80D0-F19F7332110D;FinalCheck;/Model/FinalCheck;13;2026-01-20 12:34:25.787;2026-01-20 12:34:25.787;False
42B294A8-0593-4C54-8DB9-BB563F673A42;PeopleBox;/Model/PeopleBox;13;2026-01-21 14:36:09.063;2026-02-27 10:55:24.837;False
A87D8FCE-F076-423B-B678-E0C7AFBC633E;Sosyal Login;/Model/Sosyal Login;13;2026-02-11 17:37:20.383;2026-02-12 10:32:57.907;False
3CFF7666-31E8-4CF8-8A27-13291D529363;Techcareer.net;/Model/Techcareer.net;13;2026-01-14 18:49:56.130;2026-01-19 14:22:35.990;False
8C6F3365-0A20-42A2-BEC1-9A90CB481594;WeBrand Teklif ve Satışları;/Model/WeBrand Teklif ve Satışları;13;2026-01-19 17:46:41.057;2026-01-20 09:25:36.260;False
CEDDA7CB-FDB3-4048-8787-0BB3D6764D31;Aktif Pasif Ilanlar (R005);/Müşteri İlişkileri/Aktif Pasif Ilanlar (R005);2;2018-07-20 14:17:17.370;2021-09-20 13:28:01.287;False
7830EC95-7EFF-4419-8598-4D2EDD567A24;Avt ve Ilan Kullanimi (R009);/Müşteri İlişkileri/Avt ve Ilan Kullanimi (R009);2;2018-07-20 14:05:47.380;2025-08-26 16:55:19.507;False
3DCDDECD-2413-4794-9CD1-0C32A2454870;Bas Getir Detay Raporu;/Müşteri İlişkileri/Bas Getir Detay Raporu;13;2023-10-02 16:48:47.580;2024-09-05 15:42:43.393;False
4BC0B1F0-7D15-4BCB-B1FD-0597D79B8631;Bas Getir Raporu;/Müşteri İlişkileri/Bas Getir Raporu;13;2023-09-12 17:15:19.637;2025-03-05 16:51:59.277;False
334B2A1A-BA04-4081-A950-E5E2370649F0;Basvuru Cevaplama Raporu (ISO) (R002);/Müşteri İlişkileri/Basvuru Cevaplama Raporu (ISO) (R002);2;2018-07-20 13:50:37.197;2025-05-14 08:38:52.777;False
F9A64E80-D9A0-4D99-A754-36977493E627;Bost Alarm Raporu;/Müşteri İlişkileri/Bost Alarm Raporu;2;2018-11-28 16:31:45.210;2022-12-19 14:46:51.290;False
A220DF39-4B24-43D3-9A5F-644AA2881D9E;Bost Detay Raporu;/Müşteri İlişkileri/Bost Detay Raporu;2;2019-06-13 15:43:50.360;2021-09-20 13:32:17.353;False
D1F2F478-646E-4B09-BDB3-D7E8AFBD8886;BOSTT Raporu;/Müşteri İlişkileri/BOSTT Raporu;13;2022-09-01 18:51:45.427;2024-06-03 16:40:29.997;False
A7DB1543-1AC9-4E0C-91F5-E7F072EBF21D;Dijital Ortamda Ilan Yayinlayan Firma Eslestirme;/Müşteri İlişkileri/Dijital Ortamda Ilan Yayinlayan Firma Eslestirme;2;2019-09-07 21:32:34.383;2023-08-15 11:51:31.170;False
C5A4E096-4FDC-4EA5-899A-88B627375F23;Eğitim Memnuniyet Anketi;/Müşteri İlişkileri/Eğitim Memnuniyet Anketi;13;2021-12-22 15:22:33.527;2025-06-23 09:25:04.187;False
60D49EDC-DC84-4F30-8022-408AA358C671;Firma Alarm Raporu;/Müşteri İlişkileri/Firma Alarm Raporu;2;2019-08-08 09:25:00.643;2021-09-20 14:16:01.613;False
FDAF0460-5D52-4434-A486-6859ED90E25E;Firma Basvuru Demografigi (R013);/Müşteri İlişkileri/Firma Basvuru Demografigi (R013);2;2018-07-20 14:25:21.193;2022-02-16 16:53:09.250;False
750C31A4-FE31-4F0C-ABC1-6D826309A636;Firma Bost Detay;/Müşteri İlişkileri/Firma Bost Detay;2;2024-12-05 10:51:33.080;2024-12-05 10:51:33.080;False
71C260AF-09A7-4772-A3D3-0AB95468B68D;Firma Kullanici Detay Raporu (R008);/Müşteri İlişkileri/Firma Kullanici Detay Raporu (R008);2;2018-07-20 14:05:15.727;2023-07-24 17:18:52.827;False
95F96892-7ECC-4846-9697-D90066413C4E;Gratis;/Müşteri İlişkileri/Gratis;2;2025-12-01 12:04:11.013;2025-12-01 17:01:21.267;False
1BAA6D83-D831-4CAA-B52F-381BAEC06B89;Gunluk Ilan Basvuru Raporu (R012);/Müşteri İlişkileri/Gunluk Ilan Basvuru Raporu (R012);2;2018-07-20 14:17:32.077;2024-06-04 11:39:26.430;False
73DB1811-6F4C-4A80-83FE-8A3C66E6A573;Gunluk Ilan Goruntuleme ve Basvuru Sayilari;/Müşteri İlişkileri/Gunluk Ilan Goruntuleme ve Basvuru Sayilari;2;2024-06-04 18:09:17.073;2024-06-06 15:35:10.193;False
1877AC8F-BCC7-47B0-8CC0-7059C218FC44;Hedefli Tanitim;/Müşteri İlişkileri/Hedefli Tanitim;2;2019-03-29 15:35:43.570;2024-03-28 16:57:46.860;False
273F3D9E-FC6C-4B64-9597-B1AB93ADA20A;Hedefli Tanitim_Detay;/Müşteri İlişkileri/Hedefli Tanitim_Detay;2;2019-03-29 15:36:26.870;2024-05-30 17:56:43.520;False
0DF0BE58-7130-43D5-91BD-3E0284EA3B3F;Hediye Urun Raporu;/Müşteri İlişkileri/Hediye Urun Raporu;2;2020-09-30 09:28:27.083;2024-03-26 16:50:08.633;False
DBEFE38C-E009-4D06-B867-620FA94EBC4D;Ilan Bazli Basvuru Detayi (R014);/Müşteri İlişkileri/Ilan Bazli Basvuru Detayi (R014);2;2018-07-20 14:24:46.470;2025-05-14 08:36:46.353;False
9E1381CC-D879-486D-BB78-AD951533CF92;Ilan Bazli Goruntuleme Detayi (R015);/Müşteri İlişkileri/Ilan Bazli Goruntuleme Detayi (R015);2;2018-07-20 14:28:24.547;2024-05-24 14:32:26.460;False
8B0CD448-A0FA-4332-8A2D-59BF99FE38CA;Ilan Detay Raporu Donemsel (R007);/Müşteri İlişkileri/Ilan Detay Raporu Donemsel (R007);2;2018-07-20 14:16:08.873;2021-09-20 13:39:29.767;False
9023D852-ED91-4000-A809-56FA1902E29E;Ilan Goruntuleme ve Basvuru Sayisi (R016);/Müşteri İlişkileri/Ilan Goruntuleme ve Basvuru Sayisi (R016);2;2018-07-20 14:28:31.627;2024-12-10 18:38:52.753;False
8992DEBF-8729-48D7-9A1A-26C55F08CE2C;Ilan Kontrol Raporu;/Müşteri İlişkileri/Ilan Kontrol Raporu;2;2018-04-12 13:40:29.893;2025-02-05 11:08:15.583;False
4CE52980-6DB1-482A-AC6B-D4D1484B6F89;Ilan Sonuclari;/Müşteri İlişkileri/Ilan Sonuclari;2;2025-03-11 09:43:38.993;2025-03-11 09:43:38.993;False
6BEF8959-DD37-473E-8546-D007D5129C96;Ilk Temas Ekibi Raporu;/Müşteri İlişkileri/Ilk Temas Ekibi Raporu;2;2019-09-02 09:42:23.647;2021-09-20 12:00:03.010;False
F6FE8A5E-9BED-49C9-AFDB-BFB084E05C95;İlk Temas Ekibi-İşin Olsun Banner Tipi Formlar;/Müşteri İlişkileri/İlk Temas Ekibi-İşin Olsun Banner Tipi Formlar;13;2024-07-08 17:54:05.983;2024-07-08 18:03:31.087;False
1307FF9C-D07A-40FC-BEFF-73CA69FCFD80;İşin Olsun - Mobil İlan;/Müşteri İlişkileri/İşin Olsun - Mobil İlan;13;2025-03-17 16:04:45.670;2025-06-26 10:37:40.797;False
3953C7A2-4998-41FC-84F5-130B24F28969;Isin Olsun Aday Deneyimi;/Müşteri İlişkileri/Isin Olsun Aday Deneyimi;2;2025-06-26 17:26:03.187;2025-07-22 17:07:13.323;False
BFE65267-B039-42D5-95EC-32F2F16F3BC9;Isin Olsun Ilanlari;/Müşteri İlişkileri/Isin Olsun Ilanlari;2;2021-12-16 15:06:56.360;2022-10-11 09:51:56.483;False
618F2437-A1E8-4BA9-9365-CECC3FD8ED9F;İşin Olsun Memnuniyet;/Müşteri İlişkileri/İşin Olsun Memnuniyet;13;2023-05-24 14:56:15.587;2025-06-25 16:14:36.063;False
E036571D-3780-440A-A5EA-AF090882A9A1;Mahkeme Tebligat Ilan Raporu;/Müşteri İlişkileri/Mahkeme Tebligat Ilan Raporu;2;2023-11-23 11:56:13.927;2024-02-27 09:52:42.517;False
09CA120E-95EA-42FE-B9C6-09F90A42133E;Master Müşteri İlişkileri;/Müşteri İlişkileri/Master Müşteri İlişkileri;13;2023-06-07 14:53:15.777;2024-01-11 13:21:03.817;False
6CEB0718-BC89-41F2-82F9-1A15D052D440;Müşteri İlişkileri Canlı Dashboard;/Müşteri İlişkileri/Müşteri İlişkileri Canlı Dashboard;13;2018-09-18 15:04:03.123;2024-07-11 16:59:58.337;False
DD7ED396-C890-4221-B0B2-158DF1C930E3;Müşteri İlişkileri Hedef Gerçekleştirme;/Müşteri İlişkileri/Müşteri İlişkileri Hedef Gerçekleştirme;13;2022-03-10 17:40:35.337;2024-09-16 12:05:07.343;False
751DD063-912D-491F-8679-9D7190E58F42;OtoPilotIlanKullanim;/Müşteri İlişkileri/OtoPilotIlanKullanim;2;2025-01-22 09:46:36.963;2025-06-26 17:35:19.093;False
218C2E32-C230-43C2-8FE8-3AA19E3AEEA0;Pozisyon Bazli Aday Istatistikleri;/Müşteri İlişkileri/Pozisyon Bazli Aday Istatistikleri;2;2021-10-15 13:29:31.567;2021-10-15 13:29:31.567;False
ED381194-DB32-4B13-A24A-27737552104F;Score Card;/Müşteri İlişkileri/Score Card;2;2019-06-26 13:52:22.250;2021-09-20 13:24:01.283;False
B690BA9F-5951-4583-BCEF-0A240FE5DCB1;Sozlesme Detayinda Kullanim;/Müşteri İlişkileri/Sozlesme Detayinda Kullanim;2;2025-10-09 14:25:57.180;2025-10-09 14:25:57.180;False
0506CE50-747C-4E02-91CE-71176F49401D;Sped Aday;/Müşteri İlişkileri/Sped Aday;2;2025-07-24 10:39:58.170;2025-07-24 10:39:58.170;False
F18585A7-E2F5-4749-93CD-04AFCD0636CF;Veri Guncelleme Ekip Raporu;/Müşteri İlişkileri/Veri Guncelleme Ekip Raporu;2;2019-10-30 09:48:11.460;2023-05-18 11:28:14.180;False
B57D0E47-ED04-4F2C-AB6C-5581D09893B3;Verimlilik Raporu;/Müşteri İlişkileri/Verimlilik Raporu;2;2018-12-31 10:03:53.730;2023-02-16 17:55:47.350;False
0A75EFB7-23C4-4410-98A7-C6C9B47F4398;Aday Demografigi;/Pazarlama ve Ürün Yönetimi/Aday/Aday Demografigi;13;2021-06-16 18:36:03.267;2024-12-17 18:48:13.500;False
06622A3D-71D1-4921-9AA7-EFC006CB4834;Aday Günlük Takip;/Pazarlama ve Ürün Yönetimi/Aday/Aday Günlük Takip;13;2022-01-10 17:08:20.227;2024-12-17 18:54:25.910;False
89C2A07C-2A34-4494-A9F5-6B56CBACB4B7;Aday-İletişim Bilgisi Doğrulama;/Pazarlama ve Ürün Yönetimi/Aday/Aday-İletişim Bilgisi Doğrulama;13;2023-02-02 16:35:43.373;2025-11-14 14:16:36.433;False
9DD2E7F0-B260-4424-AAD1-EFC4B06654B5;Aktif Aday Analizi;/Pazarlama ve Ürün Yönetimi/Aday/Aktif Aday Analizi;2;2022-09-23 18:02:11.907;2024-12-31 11:12:05.877;False
3180C986-A193-4F62-B20F-24B87CAF2DA5;Aktif Aday-CV;/Pazarlama ve Ürün Yönetimi/Aday/Aktif Aday-CV;13;2022-05-09 11:39:20.363;2025-02-10 13:10:44.707;False
43ADA5ED-E6D1-4D38-ACA1-7167A8DB7E0E;Bilisim Pozisyonlari Verileri;/Pazarlama ve Ürün Yönetimi/Aday/Bilisim Pozisyonlari Verileri;2;2021-03-24 09:22:38.500;2021-09-21 11:30:29.187;False
046B7EF4-D66D-409C-913E-266E75CA121B;İlan Başı Başvuru;/Pazarlama ve Ürün Yönetimi/Aday/İlan Başı Başvuru;13;2022-04-13 16:11:43.967;2026-04-08 15:13:34.000;False
DE9385CA-9175-4EB8-85C0-B767F6C91140;Kanal Bazli Aday Rakamlari;/Pazarlama ve Ürün Yönetimi/Aday/Kanal Bazli Aday Rakamlari;2;2023-02-07 15:40:06.327;2023-02-07 16:09:17.443;False
AAD98478-C084-48D6-8529-697313DFDD19;Login - Yeni Uye Cohortu;/Pazarlama ve Ürün Yönetimi/Aday/Login - Yeni Uye Cohortu;2;2018-09-06 18:23:58.997;2021-09-20 11:13:18.817;False
FC822E32-3B2D-4EA9-A45A-210B5E38CF9D;Pozisyon Bazli Aday Istatistikleri;/Pazarlama ve Ürün Yönetimi/Aday/Pozisyon Bazli Aday Istatistikleri;2;2018-04-12 11:17:59.897;2021-09-20 11:14:48.207;False
1E578D32-0391-4C85-9DE9-7D3ACC3C077F;Uyelik Yili - Mezuniyet Yili Cohort;/Pazarlama ve Ürün Yönetimi/Aday/Uyelik Yili - Mezuniyet Yili Cohort;2;2018-07-30 08:52:52.760;2021-09-20 11:14:56.583;False
F74E71BD-CA2A-48F9-ACA0-CAA5C380BA09;Coensio;/Pazarlama ve Ürün Yönetimi/Coensio;13;2023-02-09 15:42:11.463;2026-04-08 15:13:36.733;False
05E2CE6A-3B32-4CC8-81DA-2F06BDA58B7E;Emarsys;/Pazarlama ve Ürün Yönetimi/Emarsys;13;2022-12-05 16:37:02.467;2025-07-02 11:51:55.987;False
CF5538B1-3C99-490A-9644-6E566D5F1138;HR Venue;/Pazarlama ve Ürün Yönetimi/HR Venue/HR Venue;13;2022-08-16 11:02:06.433;2025-09-04 09:33:25.813;False
1DAB6A6A-70E7-43F4-A2F0-7CB6ACF3F03A;İlan Ligi-V2;/Pazarlama ve Ürün Yönetimi/İlan Ligi-V2;13;2025-05-09 12:00:22.783;2025-05-09 12:00:52.503;False
108D443F-AB98-4236-AC44-E1FDB3B7F41A;A101;/Pazarlama ve Ürün Yönetimi/İşin Olsun/A101;2;2024-03-27 11:52:59.653;2024-07-02 11:36:37.657;False
1C4A5B9F-A1BC-4A56-8971-99155604A4A4;Hizmet İlanları;/Pazarlama ve Ürün Yönetimi/İşin Olsun/Hizmet İlanları;13;2022-09-08 09:01:05.537;2024-12-17 19:43:34.440;False
5AA888B6-18D0-4DB6-9530-AE66BD31A41E;Ilan Raporu;/Pazarlama ve Ürün Yönetimi/İşin Olsun/Ilan Raporu;2;2018-04-12 13:22:38.827;2021-12-08 10:28:47.197;False
16BDE351-FD22-4FF3-AA27-5ACE9DD3D009;IO il Bazli Istatistikler;/Pazarlama ve Ürün Yönetimi/İşin Olsun/IO il Bazli Istatistikler;2;2018-10-08 10:23:00.620;2021-03-12 13:39:07.207;False
0B72A886-E123-4F83-AF54-9C5FB79EEA4F;Isin Olsun Cohortlari;/Pazarlama ve Ürün Yönetimi/İşin Olsun/Isin Olsun Cohortlari;2;2021-01-08 00:26:22.830;2021-03-12 13:48:23.333;False
89A51F56-4495-4FD1-B19A-6499DE04BF41;Isin Olsun Donemsel Veriler;/Pazarlama ve Ürün Yönetimi/İşin Olsun/Isin Olsun Donemsel Veriler;2;2020-09-24 10:09:42.320;2020-12-18 16:45:30.643;False
EC7050B4-176C-4A31-9922-199DEB3134D7;İşin Olsun Gelir Raporu;/Pazarlama ve Ürün Yönetimi/İşin Olsun/İşin Olsun Gelir Raporu;13;2024-10-24 16:56:42.217;2026-04-13 11:33:55.903;False
70C46859-B675-4924-8EBB-C68A11F292B8;Isin Olsun Gunluk Takip;/Pazarlama ve Ürün Yönetimi/İşin Olsun/Isin Olsun Gunluk Takip;2;2021-03-03 00:37:58.677;2021-06-25 16:00:35.670;False
604C9D4E-7CC5-4FF9-B515-E916352A9A6F;Isin Olsun Il ve Pozisyon Bazlı Istatistikler;/Pazarlama ve Ürün Yönetimi/İşin Olsun/Isin Olsun Il ve Pozisyon Bazlı Istatistikler;2;2021-01-08 17:07:51.167;2021-03-04 00:33:50.563;False
FD43DD77-DDBE-4412-A9BA-E1AD22188DEE;İşin Olsun İlan Hizmeti;/Pazarlama ve Ürün Yönetimi/İşin Olsun/İşin Olsun İlan Hizmeti;13;2024-07-25 16:17:22.927;2026-04-07 17:39:12.020;False
716B6C89-2C80-4A7D-8958-C83A1EF2A28F;Isin Olsun Kanal Bazli Metrics;/Pazarlama ve Ürün Yönetimi/İşin Olsun/Isin Olsun Kanal Bazli Metrics;2;2019-11-05 14:20:37.410;2024-10-09 09:51:38.003;False
AE56FE66-BD7F-4E55-B721-A74E07D1CE7C;İşin Olsun Kırılımlı;/Pazarlama ve Ürün Yönetimi/İşin Olsun/İşin Olsun Kırılımlı;13;2022-03-24 14:18:06.300;2024-12-19 10:49:25.550;False
B747B99C-20EA-4B19-84DE-13E6DCC0E6ED;Octupus - İşin Olsun;/Pazarlama ve Ürün Yönetimi/İşin Olsun/Octupus - İşin Olsun;13;2024-07-22 15:39:09.920;2024-12-17 19:17:09.727;False
8029BF82-D055-4F6E-9C22-6B609ADFA5D3;Tahtakale;/Pazarlama ve Ürün Yönetimi/İşin Olsun/Tahtakale;2;2025-01-14 11:56:48.773;2025-01-14 11:57:35.577;False
F982FB1F-98CD-44F0-A426-9FFE2CA4B203;Tespo;/Pazarlama ve Ürün Yönetimi/İşin Olsun/Tespo;2;2024-09-30 11:29:40.267;2024-09-30 11:29:40.267;False
853AE850-27A6-4C75-A6E0-2933BB8A70E9;Sehir ve Pozisyon Bazli Maas Verileri;/Pazarlama ve Ürün Yönetimi/İşkolig/Sehir ve Pozisyon Bazli Maas Verileri;2;2021-01-10 16:48:24.317;2021-01-10 18:17:47.923;False
F887C09E-B247-4CF8-AEF6-A746157D9719;10.Kat Raporu;/Pazarlama ve Ürün Yönetimi/İşveren/10.Kat Raporu;2;2018-04-12 16:48:59.967;2023-07-17 12:57:18.813;False
4D63DDFF-C198-4994-9EA0-AA8A801C23F8;Aktif Firma Analizi;/Pazarlama ve Ürün Yönetimi/İşveren/Aktif Firma Analizi;2;2018-05-28 17:28:30.087;2023-07-17 12:57:45.170;False
F713E14D-DD7A-45D7-A708-29839AB553C4;Aylik Avt ve Basvuru Goruntuleme;/Pazarlama ve Ürün Yönetimi/İşveren/Aylik Avt ve Basvuru Goruntuleme;2;2018-05-28 17:28:32.060;2023-07-17 12:57:45.177;False
2C109DE9-B087-42ED-B091-B9E12AA296A3;CV Goruntuleme ve Kaydetme Alarm Raporu;/Pazarlama ve Ürün Yönetimi/İşveren/CV Goruntuleme ve Kaydetme Alarm Raporu;2;2021-03-18 11:33:54.980;2023-07-17 12:57:45.180;False
E90DCEFA-DC5B-439D-8F2A-87D5A66C0B67;Devir Takip;/Pazarlama ve Ürün Yönetimi/İşveren/Devir Takip;13;2025-03-26 16:47:47.533;2025-03-26 17:06:47.487;False
EF10048B-B536-4C55-B19D-0599CED848A6;Form Takip;/Pazarlama ve Ürün Yönetimi/İşveren/Form Takip;2;2018-04-12 16:49:04.300;2026-01-15 08:53:03.880;False
4A058973-E958-44C2-B10D-46CB0C10F89F;Geri Sayim Raporu;/Pazarlama ve Ürün Yönetimi/İşveren/Geri Sayim Raporu;2;2018-09-19 13:47:57.660;2025-07-21 16:37:56.773;False
F8B4F415-355A-40C7-BD21-D295D02987FB;Gunluk Ilan Rakamlari;/Pazarlama ve Ürün Yönetimi/İşveren/Gunluk Ilan Rakamlari;2;2020-06-09 10:27:10.063;2023-07-17 12:57:45.207;False
F013E777-8EEE-40BF-A7D1-6D80ECB20089;Hediye Urun Raporu;/Pazarlama ve Ürün Yönetimi/İşveren/Hediye Urun Raporu;2;2024-03-26 16:47:20.257;2024-03-26 16:57:39.007;False
A54B166D-63E3-4DBD-AEE4-3105D73FFBC1;HR CheckUp;/Pazarlama ve Ürün Yönetimi/İşveren/HR CheckUp;13;2022-05-12 17:46:22.353;2024-12-17 19:05:09.740;False
97F69265-7433-404E-98B9-B1BD4411CAC9;Human Bot Defender;/Pazarlama ve Ürün Yönetimi/İşveren/Human Bot Defender;13;2026-02-23 14:09:41.410;2026-02-23 14:17:16.693;False
C9C22A0F-896B-4A19-A2AD-1B9907D70782;Insana Saygi Odulu Raporu (R011);/Pazarlama ve Ürün Yönetimi/İşveren/Insana Saygi Odulu Raporu (R011);2;2018-07-20 13:25:42.387;2024-12-18 11:51:52.493;False
1E41781A-2B6E-4CE8-8950-3DAC27A6760A;Interviewco;/Pazarlama ve Ürün Yönetimi/İşveren/Interviewco;13;2025-02-24 14:20:34.950;2025-12-18 13:30:54.103;False
5831DF71-07EF-4021-BCAA-25F70600525F;Kariyer.net360 - Ürün Leadleri;/Pazarlama ve Ürün Yönetimi/İşveren/Kariyer.net360 - Ürün Leadleri;13;2023-06-15 16:40:13.137;2024-03-11 16:04:54.683;False
74A300D6-E633-4691-8AFC-874476775654;Lead Takip - Tekil Firma;/Pazarlama ve Ürün Yönetimi/İşveren/Lead Takip - Tekil Firma;2;2018-04-12 16:49:07.860;2023-07-17 12:57:45.233;False
0F920907-8EEE-4E7C-AA41-394E4ADEA1A5;Pozisyon Bazli Avt Kullanimi;/Pazarlama ve Ürün Yönetimi/İşveren/Pozisyon Bazli Avt Kullanimi;2;2023-01-23 11:41:32.177;2026-04-09 15:01:00.087;False
1D78643A-9EA7-408F-AD81-6EB565EE5D35;Pozisyon Bazlı Maaş;/Pazarlama ve Ürün Yönetimi/İşveren/Pozisyon Bazlı Maaş;13;2021-10-22 11:49:25.243;2026-04-09 13:38:10.870;False
F1112BF2-D3DD-4BB3-BF55-870590C25EF0;Upsell-Downsell Raporu;/Pazarlama ve Ürün Yönetimi/İşveren/Upsell-Downsell Raporu;2;2018-12-17 14:28:23.453;2023-07-17 12:57:45.240;False
592B2F99-2681-4C1E-92B4-2D05D0EC113C;İYS;/Pazarlama ve Ürün Yönetimi/İYS;13;2022-12-16 16:20:00.603;2024-12-17 19:37:34.420;False
305A0B96-7A3D-4DD3-A4D2-F7E081EA5C17;Kampanyalar;/Pazarlama ve Ürün Yönetimi/Kampanyalar;13;2025-12-26 17:10:17.390;2026-02-06 10:14:57.487;False
8D345AE8-88D5-4882-ABBA-202131FA0FB2;Kopilot;/Pazarlama ve Ürün Yönetimi/Kopilot;13;2024-12-18 11:39:49.470;2025-06-18 13:16:26.210;False
77322FCB-5C45-4869-8218-EFEDD5917009;PeopleBox;/Pazarlama ve Ürün Yönetimi/PeopleBox;13;2023-12-20 10:23:00.950;2026-02-18 10:02:58.097;False
701BFDD5-9ACD-4207-8CF1-7C8A72BCBF70;PJA Google Kampanyası İlan Takip;/Pazarlama ve Ürün Yönetimi/PJA Google Kampanyası İlan Takip;13;2024-05-09 17:50:38.490;2026-01-26 17:09:55.267;False
15FBD3B8-4E73-4765-A504-500A3B8B56FF;Beklenen Satislar;/Pazarlama ve Ürün Yönetimi/Satış Geliştirme/Beklenen Satislar;2;2019-10-07 15:08:51.007;2021-09-20 11:08:33.723;False
7025544A-823E-4F64-8AA2-956CB126AC47;Cagri Dinleme Raporu;/Pazarlama ve Ürün Yönetimi/Satış Geliştirme/Cagri Dinleme Raporu;2;2021-09-24 10:09:17.463;2022-05-18 11:30:01.413;False
69677E26-CEAA-495F-9AC2-C5794196F21E;WeeklyTopline;/Pazarlama ve Ürün Yönetimi/WeeklyTopline;13;2024-12-21 18:28:46.200;2026-02-09 19:55:25.153;False
4EAEC030-24EA-4C13-B190-734DE2258A99;Rate1;/Rating/Rate1;13;2021-09-28 17:37:51.127;2021-09-28 18:35:28.300;False
CCA5938E-E842-4AEE-AE53-2011FA9D97BD;Rate2;/Rating/Rate2;13;2021-09-28 17:38:06.867;2021-09-28 17:47:19.883;False
0A2DCA63-153C-41D3-93B5-9511C2ED77FD;Rate3;/Rating/Rate3;13;2021-09-28 17:38:14.510;2021-09-28 17:49:31.310;False
8C4580B1-3464-4169-84F0-0A06E36BBF6B;_Satışlar;/Satış/_Satışlar;13;2021-11-25 11:39:05.737;2026-02-19 10:24:40.507;False
BAC28A84-D664-40EC-AF5F-64ED5901A982;Baremlere Göre Aktif Portföy Sözleşmeleri;/Satış/Baremlere Göre Aktif Portföy Sözleşmeleri;13;2024-10-17 13:40:47.250;2026-03-16 14:57:36.467;False
E9DDB918-6329-4B9E-989E-176723B2839D;Bootcamp Mezun Adayları;/Satış/Bootcamp Mezun Adayları;13;2023-11-07 14:27:30.253;2023-11-27 15:32:42.393;False
FF7412EB-E335-4A14-BA3E-82BB8CBA4434;Canlı İKÇO Dashboard;/Satış/Canlı İKÇO Dashboard;13;2022-07-22 17:28:55.930;2026-04-13 10:15:23.717;False
CFB8223D-5701-4D57-A0F7-166378D0F7AB;Coensio Lead;/Satış/Coensio Lead;13;2021-10-15 19:15:49.870;2024-12-18 10:45:55.060;False
A169CCF1-07A4-4800-8FBA-71C1DF044917;Ek Ürün Gelir Oranı;/Satış/Ek Ürün Gelir Oranı;13;2024-10-02 15:07:15.780;2025-01-02 13:27:58.087;False
703E5261-F956-4C15-AD06-7670D314CCBC;FinalCheck;/Satış/FinalCheck;13;2022-03-15 17:40:08.690;2023-07-12 15:21:44.650;False
56A0056A-A4CB-4F87-A5DD-792835DE2CBC;Gerçekleşme;/Satış/Gerçekleşme;13;2026-04-06 11:14:42.810;2026-04-09 09:04:52.437;False
F81B31E6-AB1B-481E-9E70-02289177F863;Global Counter-Sayaç Hakkı Tanım;/Satış/Global Counter-Sayaç Hakkı Tanım;13;2023-06-15 10:06:53.780;2023-06-22 15:56:23.840;False
50478464-B9A7-41A8-80F2-3ED50E4C56CD;Gorusme  Asistan;/Satış/Gorusme  Asistan;2;2020-02-21 15:35:09.973;2024-11-06 15:38:28.283;False
B47794A3-4B02-414C-90A0-BED65685C0FE;Güncel İKÇO Bölge ve Zoneları;/Satış/Güncel İKÇO Bölge ve Zoneları;13;2024-07-01 17:35:23.930;2025-11-21 17:32:10.990;False
477AA63F-7D8A-437B-A827-5BB1235C3F00;Haftalık Hedef Takip;/Satış/Haftalık Hedef Takip;13;2024-08-06 16:36:08.120;2025-07-11 09:14:40.807;False
B5618629-082A-4E80-82D9-F7711BD36DB2;İKÇO ve Ekip Paket Satış Dashboardu;/Satış/İKÇO ve Ekip Paket Satış Dashboardu;13;2025-09-11 11:19:16.987;2025-10-03 10:16:46.197;False
896B10D1-162B-4AF6-B863-8ABDAADD1AD6;Bolge Bazli Performans;/Satış/Kullanıcı Performans/Bolge Bazli Performans;2;2019-10-07 11:26:24.437;2024-07-26 17:39:48.580;False
CFEFFF13-58E3-4FC1-B07F-1026AB8EDCA1;Çağrı-Kalite Puanları;/Satış/Kullanıcı Performans/Çağrı-Kalite Puanları;13;2024-02-26 15:05:28.973;2026-01-26 14:05:17.637;False
172E11AD-9EF6-4F24-9AD6-E31FA287353B;Ek Butce Raporu;/Satış/Kullanıcı Performans/Ek Butce Raporu;2;2020-08-10 15:40:44.993;2026-01-26 14:38:46.103;False
FBE8D62D-35AD-48C4-A77C-4421C43BA01B;Gunluk Hedef Gerceklestirme;/Satış/Kullanıcı Performans/Gunluk Hedef Gerceklestirme;2;2018-04-12 11:32:08.783;2024-07-26 18:07:17.673;False
44E703E3-6AE1-410C-8D2A-3DCE414F21E7;Hedef Gerceklestirme;/Satış/Kullanıcı Performans/Hedef Gerceklestirme;13;2022-04-05 10:59:46.937;2026-02-06 10:23:40.720;False
924533FE-650B-48C3-A508-6BB848873241;Hedef Gerceklestirme Raporu - Kirilimli;/Satış/Kullanıcı Performans/Hedef Gerceklestirme Raporu - Kirilimli;2;2018-04-12 11:32:10.103;2025-06-24 10:47:25.823;False
8DBC6ED9-8972-47D3-A73C-74FDED90ACEC;Hedef Gerceklestirme Raporu - Kirilimli2;/Satış/Kullanıcı Performans/Hedef Gerceklestirme Raporu - Kirilimli2;2;2020-01-21 16:19:11.280;2021-09-20 11:50:39.337;False
C6AD88B6-A7B9-4853-952F-5BB0E396B8F9;Kritik Islemler Raporu;/Satış/Kullanıcı Performans/Kritik Islemler Raporu;2;2018-04-12 17:59:49.890;2021-09-20 12:02:36.690;False
7CB874DC-59DE-450A-9376-5A152A516ED5;Master IK Raporu;/Satış/Kullanıcı Performans/Master IK Raporu;2;2021-02-25 12:32:00.580;2024-01-05 13:40:38.700;False
BF2B4E80-67E6-4B6D-9859-3E335A35F07A;Master IK Yonetici;/Satış/Kullanıcı Performans/Master IK Yonetici;2;2022-03-24 16:04:17.700;2024-01-05 14:03:50.747;False
7E6773BA-69D7-453F-A5F4-EDAB4154A87B;Periyot Bazlı Satış;/Satış/Kullanıcı Performans/Periyot Bazlı Satış;13;2025-03-03 17:56:38.800;2025-03-06 18:59:21.033;False
9D1CC993-E81B-4623-AFD3-B201349CB5C6;Satış Kiti;/Satış/Kullanıcı Performans/Satış Kiti;13;2023-06-23 19:05:47.733;2023-07-17 11:59:21.960;False
976BB63B-EDDA-4540-A522-2105A5DA1400;Satis Oncesi Takip;/Satış/Kullanıcı Performans/Satis Oncesi Takip;2;2018-05-28 16:51:03.967;2023-09-08 14:58:11.330;False
B5633E82-9FBB-4255-9BB8-F8C5259B8D31;Satis Oncesi Takip - Bolge Detayi;/Satış/Kullanıcı Performans/Satis Oncesi Takip - Bolge Detayi;2;2018-05-30 16:15:37.780;2024-05-06 14:00:16.000;False
6EFA4235-8AAA-47BB-9223-A739FE53158D;Satisci Aktivite Rakamlari;/Satış/Kullanıcı Performans/Satisci Aktivite Rakamlari;2;2018-04-12 18:03:10.843;2025-06-18 09:08:58.723;False
38D48A64-F589-443A-A09E-8A6BFB6D4419;Satisci Aktivite Rakamlari_ Gunluk;/Satış/Kullanıcı Performans/Satisci Aktivite Rakamlari_ Gunluk;2;2018-04-12 18:03:03.410;2026-03-17 10:56:08.483;False
757878D1-B3AE-4CB1-B408-CDE5F498B88B;Satisci Firma Temas Raporu;/Satış/Kullanıcı Performans/Satisci Firma Temas Raporu;2;2018-04-12 17:24:51.243;2026-03-18 14:41:01.970;False
80BE231F-17C9-4384-A00E-39C96F137449;Stratejik Focus (2025);/Satış/Kullanıcı Performans/Stratejik Focus (2025);2;2025-08-25 10:41:22.437;2025-12-31 13:08:36.030;False
BBD3D9E1-0941-413E-87A1-D4AC0ABA45E6;Stratejik Focus (2026);/Satış/Kullanıcı Performans/Stratejik Focus (2026);2;2026-01-21 11:07:21.427;2026-04-01 10:44:12.083;False
B24CBD37-F049-4808-94AF-26D517215571;Tahimini Hedef Gerçekleştirme;/Satış/Kullanıcı Performans/Tahimini Hedef Gerçekleştirme;13;2022-04-05 11:03:28.707;2025-10-22 09:22:52.453;False
67D99CEF-596F-4070-BD23-71F3C821DFCF;Tahmini HGO;/Satış/Kullanıcı Performans/Tahmini HGO;13;2025-10-17 09:29:44.853;2025-11-04 16:09:15.493;False
C6C0B1C4-C38F-48D4-81D5-F6F52B6F5DE1;Tele Satis Firma Arama Analizi;/Satış/Kullanıcı Performans/Tele Satis Firma Arama Analizi;2;2018-10-23 16:16:38.813;2025-12-30 15:20:41.147;False
01A1AABA-6AEB-4BA8-8400-31C700F2845C;Paylasilan Satislar;/Satış/Paylasilan Satislar;2;2018-04-12 11:32:19.167;2021-09-20 11:34:29.287;False
A5D2562E-8ADE-48F5-93A7-845E92E9D566;PeopleBox;/Satış/PeopleBox;13;2022-12-13 15:46:43.303;2025-12-10 15:21:17.973;False
A8DEED43-D398-4510-B2C1-9D9118D03492;Acil Panel Hareketleri;/Satış/Portföy Performans/Acil Panel Hareketleri;2;2020-10-16 17:27:30.853;2025-03-10 10:49:53.313;False
EB942635-12CB-4EFE-B0B9-2E1E95B459F8;Aktarilan Firmalar;/Satış/Portföy Performans/Aktarilan Firmalar;2;2018-05-28 16:50:44.593;2021-09-20 13:05:13.980;False
051BD700-40B0-45FD-9634-3F42CAEFB9FB;Aktif Firmalar Ürün Satışları;/Satış/Portföy Performans/Aktif Firmalar Ürün Satışları;13;2024-11-29 15:58:18.970;2025-03-26 17:28:30.483;False
48C1F35D-5D6E-487E-8086-FFD62BD24794;Aktif Ilan Basvuru Kıyaslaması;/Satış/Portföy Performans/Aktif Ilan Basvuru Kıyaslaması;2;2021-02-05 15:09:11.787;2022-03-10 11:39:10.403;False
EE8DE08A-62E7-41FC-8562-76CE00ED7818;Aktif Ilan Basvuru Kıyaslaması (Firma Kirilimli);/Satış/Portföy Performans/Aktif Ilan Basvuru Kıyaslaması (Firma Kirilimli);2;2021-05-10 21:49:42.513;2022-03-10 11:38:58.897;False
CBC502C0-0E70-44A5-9A94-C3C6A27F0957;Aylık Churn;/Satış/Portföy Performans/Aylık Churn;13;2025-03-26 18:47:09.613;2026-03-23 16:50:26.713;False
3E8E7B60-65F7-40A8-980F-A1F21CE82CDC;Basvuru Almamis Ilan;/Satış/Portföy Performans/Basvuru Almamis Ilan;2;2018-10-05 14:09:53.583;2025-08-11 11:25:14.057;False
0EBFCC44-25B2-45E8-99AE-23BFA3B6177B;Basvuru Raporu;/Satış/Portföy Performans/Basvuru Raporu;2;2018-05-28 16:50:47.493;2021-09-20 13:10:02.263;False
70EFC477-CCB5-4F67-B749-64EE3A6305F5;Cerceve Sozlesme Hareketleri;/Satış/Portföy Performans/Cerceve Sozlesme Hareketleri;2;2020-05-13 13:04:25.027;2021-09-20 12:42:02.337;False
A2840D05-E23B-4B2F-988B-5EB375B8C536;Deneme Hesabi Raporu;/Satış/Portföy Performans/Deneme Hesabi Raporu;2;2020-09-23 09:58:38.513;2021-09-22 16:35:40.797;False
596BDABE-1A8A-4500-9563-8A3A42B300D4;Dijital Ortamda İlan Yayınlayan Firmalar;/Satış/Portföy Performans/Dijital Ortamda İlan Yayınlayan Firmalar;13;2022-01-28 14:15:28.703;2026-04-09 14:19:12.920;False
B179252A-8B4E-4B5F-B28B-B50C55DD2946;Ek Urun Teklif Durum Raporu;/Satış/Portföy Performans/Ek Urun Teklif Durum Raporu;2;2018-05-28 16:50:50.360;2022-09-13 15:27:51.780;False
B3F3FFA4-1BB2-4823-8085-3A2543562AEA;Erken Yenileme Firma Raporu;/Satış/Portföy Performans/Erken Yenileme Firma Raporu;13;2026-03-16 15:18:30.457;2026-03-18 15:28:09.773;False
F77B2F93-6B4A-431F-9F32-A2EFF46DA95C;Firma Aranma - Ulasma Raporu;/Satış/Portföy Performans/Firma Aranma - Ulasma Raporu;2;2018-05-28 16:50:53.903;2022-06-09 15:14:32.740;False
0BA7670D-D2F1-452B-BF8D-B2C1897BD025;Firma Aranma Analizi;/Satış/Portföy Performans/Firma Aranma Analizi;2;2022-07-28 12:23:22.053;2022-07-28 12:23:22.053;False
7BCAEB6D-E9EB-4ADC-9180-FBB823AEB4BC;Firma Ek Ürün Hakları ve Yenilemeleri;/Satış/Portföy Performans/Firma Ek Ürün Hakları ve Yenilemeleri;13;2023-01-06 14:34:17.087;2024-12-18 09:19:19.620;False
06F7147E-3DDC-497F-B9C1-EBAFBD2ADEE4;Firma ve Pozisyon Bazli Ilan Sayilari;/Satış/Portföy Performans/Firma ve Pozisyon Bazli Ilan Sayilari;2;2023-12-20 16:01:31.537;2025-03-20 18:06:12.413;False
3A3325D7-EF8F-4ECB-8C28-FA2CB0E02FC4;Hareket Kaydi Girilmeyen Firmalar;/Satış/Portföy Performans/Hareket Kaydi Girilmeyen Firmalar;2;2020-05-29 15:30:54.913;2021-09-20 12:42:55.673;False
80A41235-CD34-49D7-85B6-F96F4831F79D;Ilan Detay Istatistikleri;/Satış/Portföy Performans/Ilan Detay Istatistikleri;2;2018-04-12 17:01:28.450;2021-09-21 11:31:31.007;False
53A730E2-C5E1-405F-93C4-46C4BB4D5C4C;Ilan Tuketim Raporu;/Satış/Portföy Performans/Ilan Tuketim Raporu;2;2018-05-28 16:50:56.397;2025-12-15 11:14:46.963;False
3552471F-37BC-400D-9AC3-FE7302AB4B7C;Kalan Ilan Oranlari Raporu;/Satış/Portföy Performans/Kalan Ilan Oranlari Raporu;2;2018-05-28 16:55:35.063;2021-09-20 13:16:43.360;False
87CCA3E2-8CA4-48DE-A5F8-961C6CDB3E48;Matriks Raporu;/Satış/Portföy Performans/Matriks Raporu;2;2020-03-05 17:34:20.540;2021-09-21 09:32:19.610;False
79DB7801-3921-40C7-831C-0952FE9603EE;NextGeo - Sonuç Kodu Raporu;/Satış/Portföy Performans/NextGeo - Sonuç Kodu Raporu;13;2025-06-17 13:33:43.597;2026-02-12 10:31:33.190;False
17528818-8027-4FB8-8605-219D3B425A67;Pasif Firma Temas Raporu;/Satış/Portföy Performans/Pasif Firma Temas Raporu;2;2018-04-12 17:24:46.503;2021-09-20 12:43:19.310;False
BD544577-1285-4EC7-83FE-2D2CB3F91CF9;Sanal Asistan Raporu;/Satış/Portföy Performans/Sanal Asistan Raporu;2;2018-10-15 14:43:12.057;2022-03-14 11:28:54.903;False
CA27CE1B-5C7A-4738-A2BD-ED1DCEB68BBC;Satisci Firma Dagilimlari;/Satış/Portföy Performans/Satisci Firma Dagilimlari;2;2018-05-28 16:51:05.457;2023-11-30 15:19:48.383;False
B8F25EFC-7385-460B-91B6-7024CE7A2310;Savedesk Protokolü;/Satış/Portföy Performans/Savedesk Protokolü;13;2026-03-18 11:43:41.580;2026-03-30 14:43:10.667;False
2461E56C-31A4-4DA3-8E16-AADE7D786EB8;Teklif Raporu;/Satış/Portföy Performans/Teklif Raporu;2;2018-05-28 16:51:07.820;2025-03-07 10:50:54.530;False
BC55BBB4-3AEA-4CD1-97F5-3FE99534FED0;WeHire Firma Kümeleri;/Satış/Portföy Performans/WeHire Firma Kümeleri;13;2022-08-23 11:41:51.513;2026-04-09 16:33:30.070;False
CEB2C85A-C31B-4D29-A541-1CA3E4F0C274;Yeni Eklenen Firmalar;/Satış/Portföy Performans/Yeni Eklenen Firmalar;2;2018-05-28 16:51:10.290;2025-08-27 14:55:21.293;False
2826E2EB-86C7-4121-BC81-9FA6CB0B0FAF;Yenilememe Risk Alarmları;/Satış/Portföy Performans/Yenilememe Risk Alarmları;13;2025-10-17 16:45:40.240;2026-04-08 11:15:08.610;False
17769DE0-F7DD-4A39-84ED-4C33F0BBD057;Yenilemesi Gelen Firmalar;/Satış/Portföy Performans/Yenilemesi Gelen Firmalar;2;2018-04-12 11:32:21.490;2021-09-20 13:52:20.443;False
D0C27630-91B1-4590-A870-4F59A736F81E;Ziyaret Talepleri;/Satış/Portföy Performans/Ziyaret Talepleri;2;2018-05-28 16:51:13.213;2021-09-20 13:41:40.403;False
4531FDF8-2E60-454B-8377-B33920D2B4F6;Techcareer.net;/Satış/Techcareer.net;13;2022-03-15 17:40:41.887;2025-10-22 14:33:50.087;False
D81C9B77-0F8E-4564-94D1-3592063BA0C4;Turkiyeyi Mora Boyuyoruz;/Satış/Turkiyeyi Mora Boyuyoruz;13;2019-11-08 17:44:14.583;2024-07-09 14:38:18.853;False
E2028D45-B7D2-442F-A53D-805733913D74;WeHire Referans Listesi;/Satış/WeHire Referans Listesi;13;2022-12-20 15:09:06.893;2024-12-17 19:00:34.097;False
C23D6623-F751-4E5D-A5C1-39C87FD374B3;Aktif Pasif Ilanlar (R005);/Subscriptions/Aktif Pasif Ilanlar (R005);2;2019-08-21 13:56:26.060;2025-03-14 15:18:40.917;False
22836933-04F9-4D2D-9977-8AB34F3B98F8;Amazon Raporu;/Subscriptions/Amazon Raporu;2;2024-02-01 16:56:16.790;2025-05-29 17:03:42.807;False
623A8324-081D-4684-8FA0-4B2A785E9722;API Performans Raporu;/Subscriptions/API Performans Raporu;2;2019-06-25 17:13:18.433;2025-03-14 15:18:45.793;False
1182D34D-2BE7-4D89-9CFA-1AB68767859E;Avt ve Ilan Kullanimi (R009);/Subscriptions/Avt ve Ilan Kullanimi (R009);2;2019-08-21 13:55:14.890;2025-08-26 16:58:33.387;False
6E726AE8-AED8-4359-9E65-09A572479F5F;Aylik Churn Dashboardu Kullanim Raporu;/Subscriptions/Aylik Churn Dashboardu Kullanim Raporu;2;2025-08-25 17:10:31.907;2025-08-25 17:10:31.907;False
C3A4BDF8-D784-47C5-BB60-45F1C2259C48;Basvuru Cevaplama Raporu (ISO) (Gruplu);/Subscriptions/Basvuru Cevaplama Raporu (ISO) (Gruplu);2;2019-08-20 09:50:26.573;2025-05-14 08:37:54.410;False
3BA95743-0DDE-4E1E-92FD-43909682769C;Basvuru Cevaplama Raporu (ISO) (R002);/Subscriptions/Basvuru Cevaplama Raporu (ISO) (R002);2;2019-08-20 09:31:26.563;2025-05-14 08:37:48.220;False
B37BC0C5-20F5-4C11-89FA-4F4DF2C137D7;Basvurusunu Geri Ceken Adaylar;/Subscriptions/Basvurusunu Geri Ceken Adaylar;2;2019-12-03 17:27:04.297;2025-03-14 15:18:50.917;False
6FA4B3C3-CF65-4C5F-8060-1B9862C45F56;Denizbank (R003);/Subscriptions/Denizbank (R003);2;2019-08-21 13:52:03.790;2025-03-14 15:18:52.073;False
3FB31660-120A-41BD-9942-90AC5FDEE637;DogusGrubu;/Subscriptions/DogusGrubu;2;2019-08-21 13:51:47.783;2025-03-14 15:18:52.700;False
1C74016A-526B-4622-BF89-2BE9B0E65E1D;Firma Kullanici Detay Raporu (R008);/Subscriptions/Firma Kullanici Detay Raporu (R008);2;2019-08-21 13:53:46.320;2025-03-14 15:18:53.387;False
1497E5CC-D490-4F5D-8E9F-F0E5B093CE2A;Gunluk Satisci Aktivite Rakamlari;/Subscriptions/Gunluk Satisci Aktivite Rakamlari;2;2024-08-05 14:43:46.430;2026-03-17 11:03:26.543;False
71E236BD-6730-45C8-9170-5F22CCC9E5F1;Haftalik IKCO Aktivite Raporu;/Subscriptions/Haftalik IKCO Aktivite Raporu;2;2024-07-12 17:10:12.410;2025-03-14 15:18:56.027;False
03C932F4-30EA-4908-8EE9-8750525BEFED;Ikco-Gunluk Satis Raporu;/Subscriptions/Ikco-Gunluk Satis Raporu;2;2025-03-05 17:27:38.250;2026-02-12 14:54:53.277;False
83CA064D-4188-4221-8A76-583978D48F6F;Ikco-Gunluk Satis Raporu Grupsuz;/Subscriptions/Ikco-Gunluk Satis Raporu Grupsuz;2;2026-02-19 14:34:43.453;2026-02-19 14:36:13.563;False
B8EB8C34-3D85-4CE5-A959-A808EC497DC9;Ilan Bazli Basvuru Detayi (R014);/Subscriptions/Ilan Bazli Basvuru Detayi (R014);2;2019-09-16 13:45:00.887;2025-05-14 08:35:01.647;False
EC1667CF-2069-4BAD-B275-C792F9518CB0;Ilan Detay Raporu Donemsel (R007);/Subscriptions/Ilan Detay Raporu Donemsel (R007);2;2019-08-21 13:53:17.923;2025-03-14 15:18:59.807;False
A6E5B209-FA74-485B-AE04-E539229E2007;Isin Olsun Aktiflik Dashboard;/Subscriptions/Isin Olsun Aktiflik Dashboard;2;2025-03-28 12:07:01.167;2025-04-29 13:53:32.373;False
7260B541-63E4-4AB7-A590-A7793809E3E4;Isin Olsun-A101 Raporu;/Subscriptions/Isin Olsun-A101 Raporu;2;2024-06-28 16:49:13.133;2025-03-14 15:19:01.107;False
D3D7CD81-E7A4-47CA-9BCA-06AB13FB87A8;Isin Olsun-Köfteci Yusuf Raporu;/Subscriptions/Isin Olsun-Köfteci Yusuf Raporu;2;2026-04-09 11:59:59.003;2026-04-09 11:59:59.003;False
B166394C-6088-4988-A05C-B23A7C0F7EF1;Isin Olsun-Tespo Raporu;/Subscriptions/Isin Olsun-Tespo Raporu;2;2024-09-30 16:43:39.223;2025-03-14 15:19:02.153;False
9AC63C8F-8BB3-43C1-AD5E-A7F7211683D0;K360 Yeni Tanimlanan Kullanici Bilgilendirmesi;/Subscriptions/K360 Yeni Tanimlanan Kullanici Bilgilendirmesi;2;2026-01-16 15:19:55.223;2026-01-16 15:19:55.223;False
3F39D5AC-7AF1-4BA8-B224-B161A08FF5F4;Kalan Ilan Oranlari Raporu;/Subscriptions/Kalan Ilan Oranlari Raporu;2;2018-06-18 10:23:00.840;2025-03-14 15:19:03.637;False
BED127BE-80BD-4541-95A6-0F77150461F9;KocGrubu (R004);/Subscriptions/KocGrubu (R004);2;2019-08-21 16:41:28.670;2025-03-14 15:19:05.557;False
7A066426-0BAE-48CC-94D6-664FA5645E90;Matriks Raporu;/Subscriptions/Matriks Raporu;2;2020-11-23 14:55:35.023;2025-03-14 15:19:06.667;False
6E74EF0C-41FC-42B4-898F-70755A05A4F7;Organize Kullanici Bilgileri;/Subscriptions/Organize Kullanici Bilgileri;2;2019-11-08 14:46:39.390;2025-03-14 15:19:08.310;False
4EFD7B7D-776E-47F8-A349-E7AF297A8AAA;Pronet Bayi Projesi;/Subscriptions/Pronet Bayi Projesi;2;2025-09-10 09:33:09.340;2025-12-03 14:32:12.353;False
1475B505-E26B-441A-9711-30B030510B87;Satis Gelistirme - Cekilis;/Subscriptions/Satis Gelistirme - Cekilis;2;2021-01-29 09:50:08.197;2025-03-14 15:19:09.387;False
64D93317-E0C0-45D8-A7CA-EB0888E13BBE;Satisci Firma Dagilimlari;/Subscriptions/Satisci Firma Dagilimlari;2;2018-06-18 10:23:02.790;2025-03-14 15:19:10.590;False
8710A26F-CF24-4E83-9F7F-BEA8469C96C3;Sisecam (R002);/Subscriptions/Sisecam (R002);2;2019-08-21 13:51:55.143;2025-03-14 15:19:12.510;False
6BDA58EC-355D-497C-94C1-D5395DEFB9EC;Turkcell (R004);/Subscriptions/Turkcell (R004);2;2019-08-21 13:52:40.550;2025-03-14 15:19:13.637;False
93BC7D77-00CD-4545-9DD8-42F220605111;API Performans (Canli Dashboard);/Teknoloji ve İnovasyon/API Performans (Canli Dashboard);13;2019-10-24 11:06:56.887;2025-07-17 14:49:47.490;False
8D4B728D-ABB9-4C45-8C8A-8CAA3038A234;Azure Control Panel;/Teknoloji ve İnovasyon/Azure Control Panel;13;2024-02-06 10:35:02.813;2026-02-06 11:26:57.517;False
1F05112C-F07E-4AC1-9502-3A1FE27B4341;KAIRA Kullanımı;/Teknoloji ve İnovasyon/KAIRA Kullanımı;13;2025-11-25 15:21:50.347;2025-11-28 09:36:34.513;False
2ADD2DC1-1629-4CA7-A96B-9F502C81C5B4;Veri Kontrol Raporu;/Teknoloji ve İnovasyon/Veri Kontrol Raporu;2;2018-10-19 17:31:19.333;2025-10-22 09:01:01.307;False
6193CC0F-0D72-4F87-9307-A9BF45A37722;Mülakat Hizmeti;/WeConsulting/Mülakat Hizmeti;13;2024-02-02 16:32:11.767;2025-12-30 10:18:24.897;False
F5F8F175-CA3D-4F69-AF85-B03E08591B43;Phoenix Dashboard;/WeConsulting/Phoenix Dashboard;13;2021-10-13 10:27:07.560;2025-02-19 17:44:29.227;False
5C0C0903-29C3-4392-9475-66DD2D600EF3;Researcher Performansı ve Günlük Akıllı İlan;/WeConsulting/Researcher Performansı ve Günlük Akıllı İlan;13;2021-11-17 17:28:59.003;2024-12-18 09:50:56.180;False
6832CEEC-C8CA-4A4D-AB63-B9442096F9F6;Researcher Verimlilik Raporu (Canlı);/WeConsulting/Researcher Verimlilik Raporu (Canlı);13;2022-12-19 14:12:47.060;2023-08-17 10:12:38.870;False
592C3EC7-3099-451A-BE29-3EB8893E84EA;Tekrarlı Yayınlanan Ilanlar;/WeConsulting/Tekrarlı Yayınlanan Ilanlar;13;2023-06-15 13:22:14.657;2026-04-07 17:49:57.037;False
02FE54EC-2178-47DC-8F28-99D9DC601978;WeBrand;/WeConsulting/WeBrand;13;2022-05-10 15:40:54.170;2025-02-11 17:30:05.697;False
2CC78645-96DC-491F-BF3C-07DB0C46B0B8;WeBrand Teklif ve Satışları;/WeConsulting/WeBrand Teklif ve Satışları;13;2022-09-29 17:37:36.083;2025-02-11 17:46:39.460;False
D81FD98A-2D69-496E-9A94-AD11E1700629;WeConsulting;/WeConsulting/WeConsulting;13;2025-01-14 17:33:12.407;2025-01-30 09:24:37.220;False
FE8F5C86-C25E-4EBD-A916-530CB2D20D98;WeConsulting-Satışlar;/WeConsulting/WeConsulting-Satışlar;13;2024-01-12 15:38:43.987;2025-01-30 09:30:47.967;False
99715BDF-147F-48F6-9A84-2228241B0DE3;WeHire Gelir Raporu;/WeConsulting/WeHire Gelir Raporu;2;2019-12-09 13:34:30.743;2024-01-22 11:49:42.323;False
610DA47F-6A11-4ACC-B152-E3004A4159AB;WeHire İptalleri;/WeConsulting/WeHire İptalleri;13;2024-08-06 19:02:23.380;2024-09-17 14:53:46.500;False
3DB716D7-B450-4DEF-973E-F36333935AA7;WeHire Teklifleri;/WeConsulting/WeHire Teklifleri;13;2025-01-23 17:06:40.367;2025-03-04 10:20:10.497;False
