ItemID;Name;Path;Hidden;URL
F887C09E-B247-4CF8-AEF6-A746157D9719;10.Kat Raporu;/Pazarlama ve Ürün Yönetimi/İşveren/10.Kat Raporu;False;https://raportal.kariyer.net/home/report/Pazarlama%20ve%20%C3%9Cr%C3%BCn%20Y%C3%B6netimi/%C4%B0%C5%9Fveren/10.Kat%20Raporu
429E6B43-B7C2-4756-A2C9-5CE50EC020FF;12 Taksitli Sozlesmeler;/Finans/12 Taksitli Sozlesmeler;False;https://raportal.kariyer.net/home/report/Finans/12%20Taksitli%20Sozlesmeler
108D443F-AB98-4236-AC44-E1FDB3B7F41A;A101;/Pazarlama ve Ürün Yönetimi/İşin Olsun/A101;False;https://raportal.kariyer.net/home/report/Pazarlama%20ve%20%C3%9Cr%C3%BCn%20Y%C3%B6netimi/%C4%B0%C5%9Fin%20Olsun/A101
93BC7D77-00CD-4545-9DD8-42F220605111;API Performans (Canli Dashboard);/Teknoloji ve İnovasyon/API Performans (Canli Dashboard);False;https://raportal.kariyer.net/home/report/Teknoloji%20ve%20%C4%B0novasyon/API%20Performans%20%28Canli%20Dashboard%29
623A8324-081D-4684-8FA0-4B2A785E9722;API Performans Raporu;/Subscriptions/API Performans Raporu;False;https://raportal.kariyer.net/home/report/Subscriptions/API%20Performans%20Raporu
A8DEED43-D398-4510-B2C1-9D9118D03492;Acil Panel Hareketleri;/Satış/Portföy Performans/Acil Panel Hareketleri;False;https://raportal.kariyer.net/home/report/Sat%C4%B1%C5%9F/Portf%C3%B6y%20Performans/Acil%20Panel%20Hareketleri
0A75EFB7-23C4-4410-98A7-C6C9B47F4398;Aday Demografigi;/Pazarlama ve Ürün Yönetimi/Aday/Aday Demografigi;False;https://raportal.kariyer.net/home/report/Pazarlama%20ve%20%C3%9Cr%C3%BCn%20Y%C3%B6netimi/Aday/Aday%20Demografigi
06622A3D-71D1-4921-9AA7-EFC006CB4834;Aday Günlük Takip;/Pazarlama ve Ürün Yönetimi/Aday/Aday Günlük Takip;False;https://raportal.kariyer.net/home/report/Pazarlama%20ve%20%C3%9Cr%C3%BCn%20Y%C3%B6netimi/Aday/Aday%20G%C3%BCnl%C3%BCk%20Takip
89C2A07C-2A34-4494-A9F5-6B56CBACB4B7;Aday-İletişim Bilgisi Doğrulama;/Pazarlama ve Ürün Yönetimi/Aday/Aday-İletişim Bilgisi Doğrulama;False;https://raportal.kariyer.net/home/report/Pazarlama%20ve%20%C3%9Cr%C3%BCn%20Y%C3%B6netimi/Aday/Aday-%C4%B0leti%C5%9Fim%20Bilgisi%20Do%C4%9Frulama
EB942635-12CB-4EFE-B0B9-2E1E95B459F8;Aktarilan Firmalar;/Satış/Portföy Performans/Aktarilan Firmalar;False;https://raportal.kariyer.net/home/report/Sat%C4%B1%C5%9F/Portf%C3%B6y%20Performans/Aktarilan%20Firmalar
9DD2E7F0-B260-4424-AAD1-EFC4B06654B5;Aktif Aday Analizi;/Pazarlama ve Ürün Yönetimi/Aday/Aktif Aday Analizi;False;https://raportal.kariyer.net/home/report/Pazarlama%20ve%20%C3%9Cr%C3%BCn%20Y%C3%B6netimi/Aday/Aktif%20Aday%20Analizi
3180C986-A193-4F62-B20F-24B87CAF2DA5;Aktif Aday-CV;/Pazarlama ve Ürün Yönetimi/Aday/Aktif Aday-CV;False;https://raportal.kariyer.net/home/report/Pazarlama%20ve%20%C3%9Cr%C3%BCn%20Y%C3%B6netimi/Aday/Aktif%20Aday-CV
4D63DDFF-C198-4994-9EA0-AA8A801C23F8;Aktif Firma Analizi;/Pazarlama ve Ürün Yönetimi/İşveren/Aktif Firma Analizi;False;https://raportal.kariyer.net/home/report/Pazarlama%20ve%20%C3%9Cr%C3%BCn%20Y%C3%B6netimi/%C4%B0%C5%9Fveren/Aktif%20Firma%20Analizi
051BD700-40B0-45FD-9634-3F42CAEFB9FB;Aktif Firmalar Ürün Satışları;/Satış/Portföy Performans/Aktif Firmalar Ürün Satışları;False;https://raportal.kariyer.net/home/report/Sat%C4%B1%C5%9F/Portf%C3%B6y%20Performans/Aktif%20Firmalar%20%C3%9Cr%C3%BCn%20Sat%C4%B1%C5%9Flar%C4%B1
48C1F35D-5D6E-487E-8086-FFD62BD24794;Aktif Ilan Basvuru Kıyaslaması;/Satış/Portföy Performans/Aktif Ilan Basvuru Kıyaslaması;False;https://raportal.kariyer.net/home/report/Sat%C4%B1%C5%9F/Portf%C3%B6y%20Performans/Aktif%20Ilan%20Basvuru%20K%C4%B1yaslamas%C4%B1
EE8DE08A-62E7-41FC-8562-76CE00ED7818;Aktif Ilan Basvuru Kıyaslaması (Firma Kirilimli);/Satış/Portföy Performans/Aktif Ilan Basvuru Kıyaslaması (Firma Kirilimli);False;https://raportal.kariyer.net/home/report/Sat%C4%B1%C5%9F/Portf%C3%B6y%20Performans/Aktif%20Ilan%20Basvuru%20K%C4%B1yaslamas%C4%B1%20%28Firma%20Kirilimli%29
CEDDA7CB-FDB3-4048-8787-0BB3D6764D31;Aktif Pasif Ilanlar (R005);/Müşteri İlişkileri/Aktif Pasif Ilanlar (R005);False;https://raportal.kariyer.net/home/report/M%C3%BC%C5%9Fteri%20%C4%B0li%C5%9Fkileri/Aktif%20Pasif%20Ilanlar%20%28R005%29
C23D6623-F751-4E5D-A5C1-39C87FD374B3;Aktif Pasif Ilanlar (R005);/Subscriptions/Aktif Pasif Ilanlar (R005);False;https://raportal.kariyer.net/home/report/Subscriptions/Aktif%20Pasif%20Ilanlar%20%28R005%29
B7C0FF57-3B5F-43A1-A18F-C2F4C231B064;Akıllı İlan;/.KARİYER.NET CORE/Akıllı İlan;False;https://raportal.kariyer.net/home/report/.KAR%C4%B0YER.NET%20CORE/Ak%C4%B1ll%C4%B1%20%C4%B0lan
F22A01B3-DBFB-4469-B326-684903411CD2;Akıllı İlan Performansı;/.KARİYER.NET CORE/Akıllı İlan Performansı;False;https://raportal.kariyer.net/home/report/.KAR%C4%B0YER.NET%20CORE/Ak%C4%B1ll%C4%B1%20%C4%B0lan%20Performans%C4%B1
22836933-04F9-4D2D-9977-8AB34F3B98F8;Amazon Raporu;/Subscriptions/Amazon Raporu;False;https://raportal.kariyer.net/home/report/Subscriptions/Amazon%20Raporu
7830EC95-7EFF-4419-8598-4D2EDD567A24;Avt ve Ilan Kullanimi (R009);/Müşteri İlişkileri/Avt ve Ilan Kullanimi (R009);False;https://raportal.kariyer.net/home/report/M%C3%BC%C5%9Fteri%20%C4%B0li%C5%9Fkileri/Avt%20ve%20Ilan%20Kullanimi%20%28R009%29
1182D34D-2BE7-4D89-9CFA-1AB68767859E;Avt ve Ilan Kullanimi (R009);/Subscriptions/Avt ve Ilan Kullanimi (R009);False;https://raportal.kariyer.net/home/report/Subscriptions/Avt%20ve%20Ilan%20Kullanimi%20%28R009%29
F713E14D-DD7A-45D7-A708-29839AB553C4;Aylik Avt ve Basvuru Goruntuleme;/Pazarlama ve Ürün Yönetimi/İşveren/Aylik Avt ve Basvuru Goruntuleme;False;https://raportal.kariyer.net/home/report/Pazarlama%20ve%20%C3%9Cr%C3%BCn%20Y%C3%B6netimi/%C4%B0%C5%9Fveren/Aylik%20Avt%20ve%20Basvuru%20Goruntuleme
6E726AE8-AED8-4359-9E65-09A572479F5F;Aylik Churn Dashboardu Kullanim Raporu;/Subscriptions/Aylik Churn Dashboardu Kullanim Raporu;False;https://raportal.kariyer.net/home/report/Subscriptions/Aylik%20Churn%20Dashboardu%20Kullanim%20Raporu
CBC502C0-0E70-44A5-9A94-C3C6A27F0957;Aylık Churn;/Satış/Portföy Performans/Aylık Churn;False;https://raportal.kariyer.net/home/report/Sat%C4%B1%C5%9F/Portf%C3%B6y%20Performans/Ayl%C4%B1k%20Churn
8D4B728D-ABB9-4C45-8C8A-8CAA3038A234;Azure Control Panel;/Teknoloji ve İnovasyon/Azure Control Panel;False;https://raportal.kariyer.net/home/report/Teknoloji%20ve%20%C4%B0novasyon/Azure%20Control%20Panel
D1F2F478-646E-4B09-BDB3-D7E8AFBD8886;BOSTT Raporu;/Müşteri İlişkileri/BOSTT Raporu;False;https://raportal.kariyer.net/home/report/M%C3%BC%C5%9Fteri%20%C4%B0li%C5%9Fkileri/BOSTT%20Raporu
BAC28A84-D664-40EC-AF5F-64ED5901A982;Baremlere Göre Aktif Portföy Sözleşmeleri;/Satış/Baremlere Göre Aktif Portföy Sözleşmeleri;False;https://raportal.kariyer.net/home/report/Sat%C4%B1%C5%9F/Baremlere%20G%C3%B6re%20Aktif%20Portf%C3%B6y%20S%C3%B6zle%C5%9Fmeleri
3DCDDECD-2413-4794-9CD1-0C32A2454870;Bas Getir Detay Raporu;/Müşteri İlişkileri/Bas Getir Detay Raporu;False;https://raportal.kariyer.net/home/report/M%C3%BC%C5%9Fteri%20%C4%B0li%C5%9Fkileri/Bas%20Getir%20Detay%20Raporu
372730C2-ECBD-4009-AA42-3964DE860EAD;Bas Getir Detay Raporu;/AZR Sorgu/Bas Getir Detay Raporu;False;https://raportal.kariyer.net/home/report/AZR%20Sorgu/Bas%20Getir%20Detay%20Raporu
9E8FC165-B2B0-4000-B1B6-1AF040B3F662;Bas Getir Raporu;/AZR Sorgu/Bas Getir Raporu;False;https://raportal.kariyer.net/home/report/AZR%20Sorgu/Bas%20Getir%20Raporu
4BC0B1F0-7D15-4BCB-B1FD-0597D79B8631;Bas Getir Raporu;/Müşteri İlişkileri/Bas Getir Raporu;False;https://raportal.kariyer.net/home/report/M%C3%BC%C5%9Fteri%20%C4%B0li%C5%9Fkileri/Bas%20Getir%20Raporu
3E8E7B60-65F7-40A8-980F-A1F21CE82CDC;Basvuru Almamis Ilan;/Satış/Portföy Performans/Basvuru Almamis Ilan;False;https://raportal.kariyer.net/home/report/Sat%C4%B1%C5%9F/Portf%C3%B6y%20Performans/Basvuru%20Almamis%20Ilan
C3A4BDF8-D784-47C5-BB60-45F1C2259C48;Basvuru Cevaplama Raporu (ISO) (Gruplu);/Subscriptions/Basvuru Cevaplama Raporu (ISO) (Gruplu);False;https://raportal.kariyer.net/home/report/Subscriptions/Basvuru%20Cevaplama%20Raporu%20%28ISO%29%20%28Gruplu%29
334B2A1A-BA04-4081-A950-E5E2370649F0;Basvuru Cevaplama Raporu (ISO) (R002);/Müşteri İlişkileri/Basvuru Cevaplama Raporu (ISO) (R002);False;https://raportal.kariyer.net/home/report/M%C3%BC%C5%9Fteri%20%C4%B0li%C5%9Fkileri/Basvuru%20Cevaplama%20Raporu%20%28ISO%29%20%28R002%29
3BA95743-0DDE-4E1E-92FD-43909682769C;Basvuru Cevaplama Raporu (ISO) (R002);/Subscriptions/Basvuru Cevaplama Raporu (ISO) (R002);False;https://raportal.kariyer.net/home/report/Subscriptions/Basvuru%20Cevaplama%20Raporu%20%28ISO%29%20%28R002%29
0EBFCC44-25B2-45E8-99AE-23BFA3B6177B;Basvuru Raporu;/Satış/Portföy Performans/Basvuru Raporu;False;https://raportal.kariyer.net/home/report/Sat%C4%B1%C5%9F/Portf%C3%B6y%20Performans/Basvuru%20Raporu
B37BC0C5-20F5-4C11-89FA-4F4DF2C137D7;Basvurusunu Geri Ceken Adaylar;/Subscriptions/Basvurusunu Geri Ceken Adaylar;False;https://raportal.kariyer.net/home/report/Subscriptions/Basvurusunu%20Geri%20Ceken%20Adaylar
15FBD3B8-4E73-4765-A504-500A3B8B56FF;Beklenen Satislar;/Pazarlama ve Ürün Yönetimi/Satış Geliştirme/Beklenen Satislar;False;https://raportal.kariyer.net/home/report/Pazarlama%20ve%20%C3%9Cr%C3%BCn%20Y%C3%B6netimi/Sat%C4%B1%C5%9F%20Geli%C5%9Ftirme/Beklenen%20Satislar
43ADA5ED-E6D1-4D38-ACA1-7167A8DB7E0E;Bilisim Pozisyonlari Verileri;/Pazarlama ve Ürün Yönetimi/Aday/Bilisim Pozisyonlari Verileri;False;https://raportal.kariyer.net/home/report/Pazarlama%20ve%20%C3%9Cr%C3%BCn%20Y%C3%B6netimi/Aday/Bilisim%20Pozisyonlari%20Verileri
896B10D1-162B-4AF6-B863-8ABDAADD1AD6;Bolge Bazli Performans;/Satış/Kullanıcı Performans/Bolge Bazli Performans;False;https://raportal.kariyer.net/home/report/Sat%C4%B1%C5%9F/Kullan%C4%B1c%C4%B1%20Performans/Bolge%20Bazli%20Performans
E9DDB918-6329-4B9E-989E-176723B2839D;Bootcamp Mezun Adayları;/Satış/Bootcamp Mezun Adayları;False;https://raportal.kariyer.net/home/report/Sat%C4%B1%C5%9F/Bootcamp%20Mezun%20Adaylar%C4%B1
F9A64E80-D9A0-4D99-A754-36977493E627;Bost Alarm Raporu;/Müşteri İlişkileri/Bost Alarm Raporu;False;https://raportal.kariyer.net/home/report/M%C3%BC%C5%9Fteri%20%C4%B0li%C5%9Fkileri/Bost%20Alarm%20Raporu
A220DF39-4B24-43D3-9A5F-644AA2881D9E;Bost Detay Raporu;/Müşteri İlişkileri/Bost Detay Raporu;False;https://raportal.kariyer.net/home/report/M%C3%BC%C5%9Fteri%20%C4%B0li%C5%9Fkileri/Bost%20Detay%20Raporu
2C109DE9-B087-42ED-B091-B9E12AA296A3;CV Goruntuleme ve Kaydetme Alarm Raporu;/Pazarlama ve Ürün Yönetimi/İşveren/CV Goruntuleme ve Kaydetme Alarm Raporu;False;https://raportal.kariyer.net/home/report/Pazarlama%20ve%20%C3%9Cr%C3%BCn%20Y%C3%B6netimi/%C4%B0%C5%9Fveren/CV%20Goruntuleme%20ve%20Kaydetme%20Alarm%20Raporu
7025544A-823E-4F64-8AA2-956CB126AC47;Cagri Dinleme Raporu;/Pazarlama ve Ürün Yönetimi/Satış Geliştirme/Cagri Dinleme Raporu;False;https://raportal.kariyer.net/home/report/Pazarlama%20ve%20%C3%9Cr%C3%BCn%20Y%C3%B6netimi/Sat%C4%B1%C5%9F%20Geli%C5%9Ftirme/Cagri%20Dinleme%20Raporu
DA2AD5A9-5A20-4A62-A968-5C258B5159CF;Canli Isin Olsun Metrikleri;/.KARİYER.NET CORE/Canli Isin Olsun Metrikleri;False;https://raportal.kariyer.net/home/report/.KAR%C4%B0YER.NET%20CORE/Canli%20Isin%20Olsun%20Metrikleri
0951655E-26FD-4B4B-9676-996387B50E75;Canli Saatlik Metrikler;/.KARİYER.NET CORE/Canli Saatlik Metrikler;False;https://raportal.kariyer.net/home/report/.KAR%C4%B0YER.NET%20CORE/Canli%20Saatlik%20Metrikler
FAB0AD7D-351D-4276-8EFB-A867F0822BC4;Canli Satis Dashboard;/.KARİYER.NET CORE/Canli Satis Dashboard;False;https://raportal.kariyer.net/home/report/.KAR%C4%B0YER.NET%20CORE/Canli%20Satis%20Dashboard
FF7412EB-E335-4A14-BA3E-82BB8CBA4434;Canlı İKÇO Dashboard;/Satış/Canlı İKÇO Dashboard;False;https://raportal.kariyer.net/home/report/Sat%C4%B1%C5%9F/Canl%C4%B1%20%C4%B0K%C3%87O%20Dashboard
11BE7C8B-B2FD-4502-8D50-D3D832E8CCCD;Cekilen Ilan Sayisi ve Hata Raporu;/.KARİYER.NET CORE/Cekilen Ilan Sayisi ve Hata Raporu;False;https://raportal.kariyer.net/home/report/.KAR%C4%B0YER.NET%20CORE/Cekilen%20Ilan%20Sayisi%20ve%20Hata%20Raporu
70EFC477-CCB5-4F67-B749-64EE3A6305F5;Cerceve Sozlesme Hareketleri;/Satış/Portföy Performans/Cerceve Sozlesme Hareketleri;False;https://raportal.kariyer.net/home/report/Sat%C4%B1%C5%9F/Portf%C3%B6y%20Performans/Cerceve%20Sozlesme%20Hareketleri
F74E71BD-CA2A-48F9-ACA0-CAA5C380BA09;Coensio;/Pazarlama ve Ürün Yönetimi/Coensio;False;https://raportal.kariyer.net/home/report/Pazarlama%20ve%20%C3%9Cr%C3%BCn%20Y%C3%B6netimi/Coensio
CFB8223D-5701-4D57-A0F7-166378D0F7AB;Coensio Lead;/Satış/Coensio Lead;False;https://raportal.kariyer.net/home/report/Sat%C4%B1%C5%9F/Coensio%20Lead
2C8D9EB2-614C-46A1-A453-74C3EE387EF1;Daily Sales;/.KARİYER.NET CORE/Daily Sales;False;https://raportal.kariyer.net/home/report/.KAR%C4%B0YER.NET%20CORE/Daily%20Sales
A2840D05-E23B-4B2F-988B-5EB375B8C536;Deneme Hesabi Raporu;/Satış/Portföy Performans/Deneme Hesabi Raporu;False;https://raportal.kariyer.net/home/report/Sat%C4%B1%C5%9F/Portf%C3%B6y%20Performans/Deneme%20Hesabi%20Raporu
6FA4B3C3-CF65-4C5F-8060-1B9862C45F56;Denizbank (R003);/Subscriptions/Denizbank (R003);False;https://raportal.kariyer.net/home/report/Subscriptions/Denizbank%20%28R003%29
E90DCEFA-DC5B-439D-8F2A-87D5A66C0B67;Devir Takip;/Pazarlama ve Ürün Yönetimi/İşveren/Devir Takip;False;https://raportal.kariyer.net/home/report/Pazarlama%20ve%20%C3%9Cr%C3%BCn%20Y%C3%B6netimi/%C4%B0%C5%9Fveren/Devir%20Takip
A7DB1543-1AC9-4E0C-91F5-E7F072EBF21D;Dijital Ortamda Ilan Yayinlayan Firma Eslestirme;/Müşteri İlişkileri/Dijital Ortamda Ilan Yayinlayan Firma Eslestirme;False;https://raportal.kariyer.net/home/report/M%C3%BC%C5%9Fteri%20%C4%B0li%C5%9Fkileri/Dijital%20Ortamda%20Ilan%20Yayinlayan%20Firma%20Eslestirme
596BDABE-1A8A-4500-9563-8A3A42B300D4;Dijital Ortamda İlan Yayınlayan Firmalar;/Satış/Portföy Performans/Dijital Ortamda İlan Yayınlayan Firmalar;False;https://raportal.kariyer.net/home/report/Sat%C4%B1%C5%9F/Portf%C3%B6y%20Performans/Dijital%20Ortamda%20%C4%B0lan%20Yay%C4%B1nlayan%20Firmalar
3FB31660-120A-41BD-9942-90AC5FDEE637;DogusGrubu;/Subscriptions/DogusGrubu;False;https://raportal.kariyer.net/home/report/Subscriptions/DogusGrubu
48CABB85-0997-42BA-8305-1D434D469336;Egitim Anketi Sonuclari;/İnsan Kaynakları ve Eğitim/Egitim Anketi Sonuclari;False;https://raportal.kariyer.net/home/report/%C4%B0nsan%20Kaynaklar%C4%B1%20ve%20E%C4%9Fitim/Egitim%20Anketi%20Sonuclari
172E11AD-9EF6-4F24-9AD6-E31FA287353B;Ek Butce Raporu;/Satış/Kullanıcı Performans/Ek Butce Raporu;False;https://raportal.kariyer.net/home/report/Sat%C4%B1%C5%9F/Kullan%C4%B1c%C4%B1%20Performans/Ek%20Butce%20Raporu
91527383-BAB3-47AF-BC1F-08758FB4C5D9;Ek Urun Raporu (YTD Karşılaştırma);/.KARİYER.NET CORE/Ek Urun Raporu (YTD Karşılaştırma);False;https://raportal.kariyer.net/home/report/.KAR%C4%B0YER.NET%20CORE/Ek%20Urun%20Raporu%20%28YTD%20Kar%C5%9F%C4%B1la%C5%9Ft%C4%B1rma%29
B179252A-8B4E-4B5F-B28B-B50C55DD2946;Ek Urun Teklif Durum Raporu;/Satış/Portföy Performans/Ek Urun Teklif Durum Raporu;False;https://raportal.kariyer.net/home/report/Sat%C4%B1%C5%9F/Portf%C3%B6y%20Performans/Ek%20Urun%20Teklif%20Durum%20Raporu
A169CCF1-07A4-4800-8FBA-71C1DF044917;Ek Ürün Gelir Oranı;/Satış/Ek Ürün Gelir Oranı;False;https://raportal.kariyer.net/home/report/Sat%C4%B1%C5%9F/Ek%20%C3%9Cr%C3%BCn%20Gelir%20Oran%C4%B1
05E2CE6A-3B32-4CC8-81DA-2F06BDA58B7E;Emarsys;/Pazarlama ve Ürün Yönetimi/Emarsys;False;https://raportal.kariyer.net/home/report/Pazarlama%20ve%20%C3%9Cr%C3%BCn%20Y%C3%B6netimi/Emarsys
B3F3FFA4-1BB2-4823-8085-3A2543562AEA;Erken Yenileme Firma Raporu;/Satış/Portföy Performans/Erken Yenileme Firma Raporu;False;https://raportal.kariyer.net/home/report/Sat%C4%B1%C5%9F/Portf%C3%B6y%20Performans/Erken%20Yenileme%20Firma%20Raporu
F55E0DD0-8820-45C9-849E-0B82574FC612;Eğitim Memnuniyet Anketi;/AZR Sorgu/Eğitim Memnuniyet Anketi;False;https://raportal.kariyer.net/home/report/AZR%20Sorgu/E%C4%9Fitim%20Memnuniyet%20Anketi
C5A4E096-4FDC-4EA5-899A-88B627375F23;Eğitim Memnuniyet Anketi;/Müşteri İlişkileri/Eğitim Memnuniyet Anketi;False;https://raportal.kariyer.net/home/report/M%C3%BC%C5%9Fteri%20%C4%B0li%C5%9Fkileri/E%C4%9Fitim%20Memnuniyet%20Anketi
DAABA81B-D04C-4B0C-80D0-F19F7332110D;FinalCheck;/Model/FinalCheck;False;https://raportal.kariyer.net/home/report/Model/FinalCheck
703E5261-F956-4C15-AD06-7670D314CCBC;FinalCheck;/Satış/FinalCheck;False;https://raportal.kariyer.net/home/report/Sat%C4%B1%C5%9F/FinalCheck
58F43933-ACC7-48E6-A64E-FA75E5CB08FE;Finans - Satis Listesi Raporu;/Finans/Finans - Satis Listesi Raporu;False;https://raportal.kariyer.net/home/report/Finans/Finans%20-%20Satis%20Listesi%20Raporu
89CF9536-51E6-4115-995F-D58584407B6B;Finans Tahsilat Raporu;/Finans/Finans Tahsilat Raporu;False;https://raportal.kariyer.net/home/report/Finans/Finans%20Tahsilat%20Raporu
60D49EDC-DC84-4F30-8022-408AA358C671;Firma Alarm Raporu;/Müşteri İlişkileri/Firma Alarm Raporu;False;https://raportal.kariyer.net/home/report/M%C3%BC%C5%9Fteri%20%C4%B0li%C5%9Fkileri/Firma%20Alarm%20Raporu
F77B2F93-6B4A-431F-9F32-A2EFF46DA95C;Firma Aranma - Ulasma Raporu;/Satış/Portföy Performans/Firma Aranma - Ulasma Raporu;False;https://raportal.kariyer.net/home/report/Sat%C4%B1%C5%9F/Portf%C3%B6y%20Performans/Firma%20Aranma%20-%20Ulasma%20Raporu
0BA7670D-D2F1-452B-BF8D-B2C1897BD025;Firma Aranma Analizi;/Satış/Portföy Performans/Firma Aranma Analizi;False;https://raportal.kariyer.net/home/report/Sat%C4%B1%C5%9F/Portf%C3%B6y%20Performans/Firma%20Aranma%20Analizi
FDAF0460-5D52-4434-A486-6859ED90E25E;Firma Basvuru Demografigi (R013);/Müşteri İlişkileri/Firma Basvuru Demografigi (R013);False;https://raportal.kariyer.net/home/report/M%C3%BC%C5%9Fteri%20%C4%B0li%C5%9Fkileri/Firma%20Basvuru%20Demografigi%20%28R013%29
750C31A4-FE31-4F0C-ABC1-6D826309A636;Firma Bost Detay;/Müşteri İlişkileri/Firma Bost Detay;False;https://raportal.kariyer.net/home/report/M%C3%BC%C5%9Fteri%20%C4%B0li%C5%9Fkileri/Firma%20Bost%20Detay
7BCAEB6D-E9EB-4ADC-9180-FBB823AEB4BC;Firma Ek Ürün Hakları ve Yenilemeleri;/Satış/Portföy Performans/Firma Ek Ürün Hakları ve Yenilemeleri;False;https://raportal.kariyer.net/home/report/Sat%C4%B1%C5%9F/Portf%C3%B6y%20Performans/Firma%20Ek%20%C3%9Cr%C3%BCn%20Haklar%C4%B1%20ve%20Yenilemeleri
71C260AF-09A7-4772-A3D3-0AB95468B68D;Firma Kullanici Detay Raporu (R008);/Müşteri İlişkileri/Firma Kullanici Detay Raporu (R008);False;https://raportal.kariyer.net/home/report/M%C3%BC%C5%9Fteri%20%C4%B0li%C5%9Fkileri/Firma%20Kullanici%20Detay%20Raporu%20%28R008%29
1C74016A-526B-4622-BF89-2BE9B0E65E1D;Firma Kullanici Detay Raporu (R008);/Subscriptions/Firma Kullanici Detay Raporu (R008);False;https://raportal.kariyer.net/home/report/Subscriptions/Firma%20Kullanici%20Detay%20Raporu%20%28R008%29
06F7147E-3DDC-497F-B9C1-EBAFBD2ADEE4;Firma ve Pozisyon Bazli Ilan Sayilari;/Satış/Portföy Performans/Firma ve Pozisyon Bazli Ilan Sayilari;False;https://raportal.kariyer.net/home/report/Sat%C4%B1%C5%9F/Portf%C3%B6y%20Performans/Firma%20ve%20Pozisyon%20Bazli%20Ilan%20Sayilari
EF10048B-B536-4C55-B19D-0599CED848A6;Form Takip;/Pazarlama ve Ürün Yönetimi/İşveren/Form Takip;False;https://raportal.kariyer.net/home/report/Pazarlama%20ve%20%C3%9Cr%C3%BCn%20Y%C3%B6netimi/%C4%B0%C5%9Fveren/Form%20Takip
9C525953-B33C-4474-A3C3-BAA8537CC2F8;Gelir Paylaşım Modeli;/Finans/Gelir Paylaşım Modeli;False;https://raportal.kariyer.net/home/report/Finans/Gelir%20Payla%C5%9F%C4%B1m%20Modeli
5C11ED4F-0986-4BF4-B7CB-899E9A5F9B35;Genel Satis Istatistikleri;/Finans/Genel Satis Istatistikleri;False;https://raportal.kariyer.net/home/report/Finans/Genel%20Satis%20Istatistikleri
4A058973-E958-44C2-B10D-46CB0C10F89F;Geri Sayim Raporu;/Pazarlama ve Ürün Yönetimi/İşveren/Geri Sayim Raporu;False;https://raportal.kariyer.net/home/report/Pazarlama%20ve%20%C3%9Cr%C3%BCn%20Y%C3%B6netimi/%C4%B0%C5%9Fveren/Geri%20Sayim%20Raporu
56A0056A-A4CB-4F87-A5DD-792835DE2CBC;Gerçekleşme;/Satış/Gerçekleşme;False;https://raportal.kariyer.net/home/report/Sat%C4%B1%C5%9F/Ger%C3%A7ekle%C5%9Fme
EB1A8CCD-D206-4F60-8E91-75C28A5230AA;Global Counter-Sayaç Hakkı Tanım;/AZR Sorgu/Global Counter-Sayaç Hakkı Tanım;False;https://raportal.kariyer.net/home/report/AZR%20Sorgu/Global%20Counter-Saya%C3%A7%20Hakk%C4%B1%20Tan%C4%B1m
F81B31E6-AB1B-481E-9E70-02289177F863;Global Counter-Sayaç Hakkı Tanım;/Satış/Global Counter-Sayaç Hakkı Tanım;False;https://raportal.kariyer.net/home/report/Sat%C4%B1%C5%9F/Global%20Counter-Saya%C3%A7%20Hakk%C4%B1%20Tan%C4%B1m
50478464-B9A7-41A8-80F2-3ED50E4C56CD;Gorusme  Asistan;/Satış/Gorusme  Asistan;False;https://raportal.kariyer.net/home/report/Sat%C4%B1%C5%9F/Gorusme%20%20Asistan
95F96892-7ECC-4846-9697-D90066413C4E;Gratis;/Müşteri İlişkileri/Gratis;False;https://raportal.kariyer.net/home/report/M%C3%BC%C5%9Fteri%20%C4%B0li%C5%9Fkileri/Gratis
C9DF46BF-AA06-4BB2-88B7-B24ED7405925;Gunluk Hedef Dashboard;/Gunluk Hedef Dashboard;False;https://raportal.kariyer.net/home/report/Gunluk%20Hedef%20Dashboard
FBE8D62D-35AD-48C4-A77C-4421C43BA01B;Gunluk Hedef Gerceklestirme;/Satış/Kullanıcı Performans/Gunluk Hedef Gerceklestirme;False;https://raportal.kariyer.net/home/report/Sat%C4%B1%C5%9F/Kullan%C4%B1c%C4%B1%20Performans/Gunluk%20Hedef%20Gerceklestirme
1BAA6D83-D831-4CAA-B52F-381BAEC06B89;Gunluk Ilan Basvuru Raporu (R012);/Müşteri İlişkileri/Gunluk Ilan Basvuru Raporu (R012);False;https://raportal.kariyer.net/home/report/M%C3%BC%C5%9Fteri%20%C4%B0li%C5%9Fkileri/Gunluk%20Ilan%20Basvuru%20Raporu%20%28R012%29
73DB1811-6F4C-4A80-83FE-8A3C66E6A573;Gunluk Ilan Goruntuleme ve Basvuru Sayilari;/Müşteri İlişkileri/Gunluk Ilan Goruntuleme ve Basvuru Sayilari;False;https://raportal.kariyer.net/home/report/M%C3%BC%C5%9Fteri%20%C4%B0li%C5%9Fkileri/Gunluk%20Ilan%20Goruntuleme%20ve%20Basvuru%20Sayilari
F8B4F415-355A-40C7-BD21-D295D02987FB;Gunluk Ilan Rakamlari;/Pazarlama ve Ürün Yönetimi/İşveren/Gunluk Ilan Rakamlari;False;https://raportal.kariyer.net/home/report/Pazarlama%20ve%20%C3%9Cr%C3%BCn%20Y%C3%B6netimi/%C4%B0%C5%9Fveren/Gunluk%20Ilan%20Rakamlari
1497E5CC-D490-4F5D-8E9F-F0E5B093CE2A;Gunluk Satisci Aktivite Rakamlari;/Subscriptions/Gunluk Satisci Aktivite Rakamlari;False;https://raportal.kariyer.net/home/report/Subscriptions/Gunluk%20Satisci%20Aktivite%20Rakamlari
B47794A3-4B02-414C-90A0-BED65685C0FE;Güncel İKÇO Bölge ve Zoneları;/Satış/Güncel İKÇO Bölge ve Zoneları;False;https://raportal.kariyer.net/home/report/Sat%C4%B1%C5%9F/G%C3%BCncel%20%C4%B0K%C3%87O%20B%C3%B6lge%20ve%20Zonelar%C4%B1
A54B166D-63E3-4DBD-AEE4-3105D73FFBC1;HR CheckUp;/Pazarlama ve Ürün Yönetimi/İşveren/HR CheckUp;False;https://raportal.kariyer.net/home/report/Pazarlama%20ve%20%C3%9Cr%C3%BCn%20Y%C3%B6netimi/%C4%B0%C5%9Fveren/HR%20CheckUp
CF5538B1-3C99-490A-9644-6E566D5F1138;HR Venue;/Pazarlama ve Ürün Yönetimi/HR Venue/HR Venue;False;https://raportal.kariyer.net/home/report/Pazarlama%20ve%20%C3%9Cr%C3%BCn%20Y%C3%B6netimi/HR%20Venue/HR%20Venue
71E236BD-6730-45C8-9170-5F22CCC9E5F1;Haftalik IKCO Aktivite Raporu;/Subscriptions/Haftalik IKCO Aktivite Raporu;False;https://raportal.kariyer.net/home/report/Subscriptions/Haftalik%20IKCO%20Aktivite%20Raporu
477AA63F-7D8A-437B-A827-5BB1235C3F00;Haftalık Hedef Takip;/Satış/Haftalık Hedef Takip;False;https://raportal.kariyer.net/home/report/Sat%C4%B1%C5%9F/Haftal%C4%B1k%20Hedef%20Takip
3A3325D7-EF8F-4ECB-8C28-FA2CB0E02FC4;Hareket Kaydi Girilmeyen Firmalar;/Satış/Portföy Performans/Hareket Kaydi Girilmeyen Firmalar;False;https://raportal.kariyer.net/home/report/Sat%C4%B1%C5%9F/Portf%C3%B6y%20Performans/Hareket%20Kaydi%20Girilmeyen%20Firmalar
44E703E3-6AE1-410C-8D2A-3DCE414F21E7;Hedef Gerceklestirme;/Satış/Kullanıcı Performans/Hedef Gerceklestirme;False;https://raportal.kariyer.net/home/report/Sat%C4%B1%C5%9F/Kullan%C4%B1c%C4%B1%20Performans/Hedef%20Gerceklestirme
924533FE-650B-48C3-A508-6BB848873241;Hedef Gerceklestirme Raporu - Kirilimli;/Satış/Kullanıcı Performans/Hedef Gerceklestirme Raporu - Kirilimli;False;https://raportal.kariyer.net/home/report/Sat%C4%B1%C5%9F/Kullan%C4%B1c%C4%B1%20Performans/Hedef%20Gerceklestirme%20Raporu%20-%20Kirilimli
8DBC6ED9-8972-47D3-A73C-74FDED90ACEC;Hedef Gerceklestirme Raporu - Kirilimli2;/Satış/Kullanıcı Performans/Hedef Gerceklestirme Raporu - Kirilimli2;False;https://raportal.kariyer.net/home/report/Sat%C4%B1%C5%9F/Kullan%C4%B1c%C4%B1%20Performans/Hedef%20Gerceklestirme%20Raporu%20-%20Kirilimli2
1877AC8F-BCC7-47B0-8CC0-7059C218FC44;Hedefli Tanitim;/Müşteri İlişkileri/Hedefli Tanitim;False;https://raportal.kariyer.net/home/report/M%C3%BC%C5%9Fteri%20%C4%B0li%C5%9Fkileri/Hedefli%20Tanitim
273F3D9E-FC6C-4B64-9597-B1AB93ADA20A;Hedefli Tanitim_Detay;/Müşteri İlişkileri/Hedefli Tanitim_Detay;False;https://raportal.kariyer.net/home/report/M%C3%BC%C5%9Fteri%20%C4%B0li%C5%9Fkileri/Hedefli%20Tanitim_Detay
0DF0BE58-7130-43D5-91BD-3E0284EA3B3F;Hediye Urun Raporu;/Müşteri İlişkileri/Hediye Urun Raporu;False;https://raportal.kariyer.net/home/report/M%C3%BC%C5%9Fteri%20%C4%B0li%C5%9Fkileri/Hediye%20Urun%20Raporu
F013E777-8EEE-40BF-A7D1-6D80ECB20089;Hediye Urun Raporu;/Pazarlama ve Ürün Yönetimi/İşveren/Hediye Urun Raporu;False;https://raportal.kariyer.net/home/report/Pazarlama%20ve%20%C3%9Cr%C3%BCn%20Y%C3%B6netimi/%C4%B0%C5%9Fveren/Hediye%20Urun%20Raporu
1C4A5B9F-A1BC-4A56-8971-99155604A4A4;Hizmet İlanları;/Pazarlama ve Ürün Yönetimi/İşin Olsun/Hizmet İlanları;False;https://raportal.kariyer.net/home/report/Pazarlama%20ve%20%C3%9Cr%C3%BCn%20Y%C3%B6netimi/%C4%B0%C5%9Fin%20Olsun/Hizmet%20%C4%B0lanlar%C4%B1
97F69265-7433-404E-98B9-B1BD4411CAC9;Human Bot Defender;/Pazarlama ve Ürün Yönetimi/İşveren/Human Bot Defender;False;https://raportal.kariyer.net/home/report/Pazarlama%20ve%20%C3%9Cr%C3%BCn%20Y%C3%B6netimi/%C4%B0%C5%9Fveren/Human%20Bot%20Defender
8CB1D10D-0886-451A-BA6F-9BEE406A0057;IFRS Raporu;/Finans/IFRS Raporu;False;https://raportal.kariyer.net/home/report/Finans/IFRS%20Raporu
16BDE351-FD22-4FF3-AA27-5ACE9DD3D009;IO il Bazli Istatistikler;/Pazarlama ve Ürün Yönetimi/İşin Olsun/IO il Bazli Istatistikler;False;https://raportal.kariyer.net/home/report/Pazarlama%20ve%20%C3%9Cr%C3%BCn%20Y%C3%B6netimi/%C4%B0%C5%9Fin%20Olsun/IO%20il%20Bazli%20Istatistikler
03C932F4-30EA-4908-8EE9-8750525BEFED;Ikco-Gunluk Satis Raporu;/Subscriptions/Ikco-Gunluk Satis Raporu;False;https://raportal.kariyer.net/home/report/Subscriptions/Ikco-Gunluk%20Satis%20Raporu
83CA064D-4188-4221-8A76-583978D48F6F;Ikco-Gunluk Satis Raporu Grupsuz;/Subscriptions/Ikco-Gunluk Satis Raporu Grupsuz;False;https://raportal.kariyer.net/home/report/Subscriptions/Ikco-Gunluk%20Satis%20Raporu%20Grupsuz
B8EB8C34-3D85-4CE5-A959-A808EC497DC9;Ilan Bazli Basvuru Detayi (R014);/Subscriptions/Ilan Bazli Basvuru Detayi (R014);False;https://raportal.kariyer.net/home/report/Subscriptions/Ilan%20Bazli%20Basvuru%20Detayi%20%28R014%29
DBEFE38C-E009-4D06-B867-620FA94EBC4D;Ilan Bazli Basvuru Detayi (R014);/Müşteri İlişkileri/Ilan Bazli Basvuru Detayi (R014);False;https://raportal.kariyer.net/home/report/M%C3%BC%C5%9Fteri%20%C4%B0li%C5%9Fkileri/Ilan%20Bazli%20Basvuru%20Detayi%20%28R014%29
9E1381CC-D879-486D-BB78-AD951533CF92;Ilan Bazli Goruntuleme Detayi (R015);/Müşteri İlişkileri/Ilan Bazli Goruntuleme Detayi (R015);False;https://raportal.kariyer.net/home/report/M%C3%BC%C5%9Fteri%20%C4%B0li%C5%9Fkileri/Ilan%20Bazli%20Goruntuleme%20Detayi%20%28R015%29
80A41235-CD34-49D7-85B6-F96F4831F79D;Ilan Detay Istatistikleri;/Satış/Portföy Performans/Ilan Detay Istatistikleri;False;https://raportal.kariyer.net/home/report/Sat%C4%B1%C5%9F/Portf%C3%B6y%20Performans/Ilan%20Detay%20Istatistikleri
EC1667CF-2069-4BAD-B275-C792F9518CB0;Ilan Detay Raporu Donemsel (R007);/Subscriptions/Ilan Detay Raporu Donemsel (R007);False;https://raportal.kariyer.net/home/report/Subscriptions/Ilan%20Detay%20Raporu%20Donemsel%20%28R007%29
8B0CD448-A0FA-4332-8A2D-59BF99FE38CA;Ilan Detay Raporu Donemsel (R007);/Müşteri İlişkileri/Ilan Detay Raporu Donemsel (R007);False;https://raportal.kariyer.net/home/report/M%C3%BC%C5%9Fteri%20%C4%B0li%C5%9Fkileri/Ilan%20Detay%20Raporu%20Donemsel%20%28R007%29
9023D852-ED91-4000-A809-56FA1902E29E;Ilan Goruntuleme ve Basvuru Sayisi (R016);/Müşteri İlişkileri/Ilan Goruntuleme ve Basvuru Sayisi (R016);False;https://raportal.kariyer.net/home/report/M%C3%BC%C5%9Fteri%20%C4%B0li%C5%9Fkileri/Ilan%20Goruntuleme%20ve%20Basvuru%20Sayisi%20%28R016%29
8992DEBF-8729-48D7-9A1A-26C55F08CE2C;Ilan Kontrol Raporu;/Müşteri İlişkileri/Ilan Kontrol Raporu;False;https://raportal.kariyer.net/home/report/M%C3%BC%C5%9Fteri%20%C4%B0li%C5%9Fkileri/Ilan%20Kontrol%20Raporu
5AA888B6-18D0-4DB6-9530-AE66BD31A41E;Ilan Raporu;/Pazarlama ve Ürün Yönetimi/İşin Olsun/Ilan Raporu;False;https://raportal.kariyer.net/home/report/Pazarlama%20ve%20%C3%9Cr%C3%BCn%20Y%C3%B6netimi/%C4%B0%C5%9Fin%20Olsun/Ilan%20Raporu
4CE52980-6DB1-482A-AC6B-D4D1484B6F89;Ilan Sonuclari;/Müşteri İlişkileri/Ilan Sonuclari;False;https://raportal.kariyer.net/home/report/M%C3%BC%C5%9Fteri%20%C4%B0li%C5%9Fkileri/Ilan%20Sonuclari
53A730E2-C5E1-405F-93C4-46C4BB4D5C4C;Ilan Tuketim Raporu;/Satış/Portföy Performans/Ilan Tuketim Raporu;False;https://raportal.kariyer.net/home/report/Sat%C4%B1%C5%9F/Portf%C3%B6y%20Performans/Ilan%20Tuketim%20Raporu
6BEF8959-DD37-473E-8546-D007D5129C96;Ilk Temas Ekibi Raporu;/Müşteri İlişkileri/Ilk Temas Ekibi Raporu;False;https://raportal.kariyer.net/home/report/M%C3%BC%C5%9Fteri%20%C4%B0li%C5%9Fkileri/Ilk%20Temas%20Ekibi%20Raporu
C9C22A0F-896B-4A19-A2AD-1B9907D70782;Insana Saygi Odulu Raporu (R011);/Pazarlama ve Ürün Yönetimi/İşveren/Insana Saygi Odulu Raporu (R011);False;https://raportal.kariyer.net/home/report/Pazarlama%20ve%20%C3%9Cr%C3%BCn%20Y%C3%B6netimi/%C4%B0%C5%9Fveren/Insana%20Saygi%20Odulu%20Raporu%20%28R011%29
1E41781A-2B6E-4CE8-8950-3DAC27A6760A;Interviewco;/Pazarlama ve Ürün Yönetimi/İşveren/Interviewco;False;https://raportal.kariyer.net/home/report/Pazarlama%20ve%20%C3%9Cr%C3%BCn%20Y%C3%B6netimi/%C4%B0%C5%9Fveren/Interviewco
3953C7A2-4998-41FC-84F5-130B24F28969;Isin Olsun Aday Deneyimi;/Müşteri İlişkileri/Isin Olsun Aday Deneyimi;False;https://raportal.kariyer.net/home/report/M%C3%BC%C5%9Fteri%20%C4%B0li%C5%9Fkileri/Isin%20Olsun%20Aday%20Deneyimi
A6E5B209-FA74-485B-AE04-E539229E2007;Isin Olsun Aktiflik Dashboard;/Subscriptions/Isin Olsun Aktiflik Dashboard;False;https://raportal.kariyer.net/home/report/Subscriptions/Isin%20Olsun%20Aktiflik%20Dashboard
0B72A886-E123-4F83-AF54-9C5FB79EEA4F;Isin Olsun Cohortlari;/Pazarlama ve Ürün Yönetimi/İşin Olsun/Isin Olsun Cohortlari;False;https://raportal.kariyer.net/home/report/Pazarlama%20ve%20%C3%9Cr%C3%BCn%20Y%C3%B6netimi/%C4%B0%C5%9Fin%20Olsun/Isin%20Olsun%20Cohortlari
89A51F56-4495-4FD1-B19A-6499DE04BF41;Isin Olsun Donemsel Veriler;/Pazarlama ve Ürün Yönetimi/İşin Olsun/Isin Olsun Donemsel Veriler;False;https://raportal.kariyer.net/home/report/Pazarlama%20ve%20%C3%9Cr%C3%BCn%20Y%C3%B6netimi/%C4%B0%C5%9Fin%20Olsun/Isin%20Olsun%20Donemsel%20Veriler
70C46859-B675-4924-8EBB-C68A11F292B8;Isin Olsun Gunluk Takip;/Pazarlama ve Ürün Yönetimi/İşin Olsun/Isin Olsun Gunluk Takip;False;https://raportal.kariyer.net/home/report/Pazarlama%20ve%20%C3%9Cr%C3%BCn%20Y%C3%B6netimi/%C4%B0%C5%9Fin%20Olsun/Isin%20Olsun%20Gunluk%20Takip
604C9D4E-7CC5-4FF9-B515-E916352A9A6F;Isin Olsun Il ve Pozisyon Bazlı Istatistikler;/Pazarlama ve Ürün Yönetimi/İşin Olsun/Isin Olsun Il ve Pozisyon Bazlı Istatistikler;False;https://raportal.kariyer.net/home/report/Pazarlama%20ve%20%C3%9Cr%C3%BCn%20Y%C3%B6netimi/%C4%B0%C5%9Fin%20Olsun/Isin%20Olsun%20Il%20ve%20Pozisyon%20Bazl%C4%B1%20Istatistikler
BFE65267-B039-42D5-95EC-32F2F16F3BC9;Isin Olsun Ilanlari;/Müşteri İlişkileri/Isin Olsun Ilanlari;False;https://raportal.kariyer.net/home/report/M%C3%BC%C5%9Fteri%20%C4%B0li%C5%9Fkileri/Isin%20Olsun%20Ilanlari
716B6C89-2C80-4A7D-8958-C83A1EF2A28F;Isin Olsun Kanal Bazli Metrics;/Pazarlama ve Ürün Yönetimi/İşin Olsun/Isin Olsun Kanal Bazli Metrics;False;https://raportal.kariyer.net/home/report/Pazarlama%20ve%20%C3%9Cr%C3%BCn%20Y%C3%B6netimi/%C4%B0%C5%9Fin%20Olsun/Isin%20Olsun%20Kanal%20Bazli%20Metrics
7260B541-63E4-4AB7-A590-A7793809E3E4;Isin Olsun-A101 Raporu;/Subscriptions/Isin Olsun-A101 Raporu;False;https://raportal.kariyer.net/home/report/Subscriptions/Isin%20Olsun-A101%20Raporu
D3D7CD81-E7A4-47CA-9BCA-06AB13FB87A8;Isin Olsun-Köfteci Yusuf Raporu;/Subscriptions/Isin Olsun-Köfteci Yusuf Raporu;False;https://raportal.kariyer.net/home/report/Subscriptions/Isin%20Olsun-K%C3%B6fteci%20Yusuf%20Raporu
B166394C-6088-4988-A05C-B23A7C0F7EF1;Isin Olsun-Tespo Raporu;/Subscriptions/Isin Olsun-Tespo Raporu;False;https://raportal.kariyer.net/home/report/Subscriptions/Isin%20Olsun-Tespo%20Raporu
9FDAA504-8FBA-43FC-AA20-F557C3D4D3B9;Istihdam  Endeksi;/.KARİYER.NET CORE/Istihdam  Endeksi;False;https://raportal.kariyer.net/home/report/.KAR%C4%B0YER.NET%20CORE/Istihdam%20%20Endeksi
9AC63C8F-8BB3-43C1-AD5E-A7F7211683D0;K360 Yeni Tanimlanan Kullanici Bilgilendirmesi;/Subscriptions/K360 Yeni Tanimlanan Kullanici Bilgilendirmesi;False;https://raportal.kariyer.net/home/report/Subscriptions/K360%20Yeni%20Tanimlanan%20Kullanici%20Bilgilendirmesi
1F05112C-F07E-4AC1-9502-3A1FE27B4341;KAIRA Kullanımı;/Teknoloji ve İnovasyon/KAIRA Kullanımı;False;https://raportal.kariyer.net/home/report/Teknoloji%20ve%20%C4%B0novasyon/KAIRA%20Kullan%C4%B1m%C4%B1
3F39D5AC-7AF1-4BA8-B224-B161A08FF5F4;Kalan Ilan Oranlari Raporu;/Subscriptions/Kalan Ilan Oranlari Raporu;False;https://raportal.kariyer.net/home/report/Subscriptions/Kalan%20Ilan%20Oranlari%20Raporu
3552471F-37BC-400D-9AC3-FE7302AB4B7C;Kalan Ilan Oranlari Raporu;/Satış/Portföy Performans/Kalan Ilan Oranlari Raporu;False;https://raportal.kariyer.net/home/report/Sat%C4%B1%C5%9F/Portf%C3%B6y%20Performans/Kalan%20Ilan%20Oranlari%20Raporu
305A0B96-7A3D-4DD3-A4D2-F7E081EA5C17;Kampanyalar;/Pazarlama ve Ürün Yönetimi/Kampanyalar;False;https://raportal.kariyer.net/home/report/Pazarlama%20ve%20%C3%9Cr%C3%BCn%20Y%C3%B6netimi/Kampanyalar
DE9385CA-9175-4EB8-85C0-B767F6C91140;Kanal Bazli Aday Rakamlari;/Pazarlama ve Ürün Yönetimi/Aday/Kanal Bazli Aday Rakamlari;False;https://raportal.kariyer.net/home/report/Pazarlama%20ve%20%C3%9Cr%C3%BCn%20Y%C3%B6netimi/Aday/Kanal%20Bazli%20Aday%20Rakamlari
5831DF71-07EF-4021-BCAA-25F70600525F;Kariyer.net360 - Ürün Leadleri;/Pazarlama ve Ürün Yönetimi/İşveren/Kariyer.net360 - Ürün Leadleri;False;https://raportal.kariyer.net/home/report/Pazarlama%20ve%20%C3%9Cr%C3%BCn%20Y%C3%B6netimi/%C4%B0%C5%9Fveren/Kariyer.net360%20-%20%C3%9Cr%C3%BCn%20Leadleri
BED127BE-80BD-4541-95A6-0F77150461F9;KocGrubu (R004);/Subscriptions/KocGrubu (R004);False;https://raportal.kariyer.net/home/report/Subscriptions/KocGrubu%20%28R004%29
4E10A504-899B-4821-9347-50C345550DE4;Konsolide Firma ve Aday;/.KARİYER.NET CORE/Konsolide Firma ve Aday;False;https://raportal.kariyer.net/home/report/.KAR%C4%B0YER.NET%20CORE/Konsolide%20Firma%20ve%20Aday
8D345AE8-88D5-4882-ABBA-202131FA0FB2;Kopilot;/Pazarlama ve Ürün Yönetimi/Kopilot;False;https://raportal.kariyer.net/home/report/Pazarlama%20ve%20%C3%9Cr%C3%BCn%20Y%C3%B6netimi/Kopilot
C6AD88B6-A7B9-4853-952F-5BB0E396B8F9;Kritik Islemler Raporu;/Satış/Kullanıcı Performans/Kritik Islemler Raporu;False;https://raportal.kariyer.net/home/report/Sat%C4%B1%C5%9F/Kullan%C4%B1c%C4%B1%20Performans/Kritik%20Islemler%20Raporu
74A300D6-E633-4691-8AFC-874476775654;Lead Takip - Tekil Firma;/Pazarlama ve Ürün Yönetimi/İşveren/Lead Takip - Tekil Firma;False;https://raportal.kariyer.net/home/report/Pazarlama%20ve%20%C3%9Cr%C3%BCn%20Y%C3%B6netimi/%C4%B0%C5%9Fveren/Lead%20Takip%20-%20Tekil%20Firma
AAD98478-C084-48D6-8529-697313DFDD19;Login - Yeni Uye Cohortu;/Pazarlama ve Ürün Yönetimi/Aday/Login - Yeni Uye Cohortu;False;https://raportal.kariyer.net/home/report/Pazarlama%20ve%20%C3%9Cr%C3%BCn%20Y%C3%B6netimi/Aday/Login%20-%20Yeni%20Uye%20Cohortu
83940BA1-5BBA-4733-A1F2-B65459F053B6;MTD Gorunum;/.KARİYER.NET CORE/MTD Gorunum;False;https://raportal.kariyer.net/home/report/.KAR%C4%B0YER.NET%20CORE/MTD%20Gorunum
E036571D-3780-440A-A5EA-AF090882A9A1;Mahkeme Tebligat Ilan Raporu;/Müşteri İlişkileri/Mahkeme Tebligat Ilan Raporu;False;https://raportal.kariyer.net/home/report/M%C3%BC%C5%9Fteri%20%C4%B0li%C5%9Fkileri/Mahkeme%20Tebligat%20Ilan%20Raporu
7CB874DC-59DE-450A-9376-5A152A516ED5;Master IK Raporu;/Satış/Kullanıcı Performans/Master IK Raporu;False;https://raportal.kariyer.net/home/report/Sat%C4%B1%C5%9F/Kullan%C4%B1c%C4%B1%20Performans/Master%20IK%20Raporu
BF2B4E80-67E6-4B6D-9859-3E335A35F07A;Master IK Yonetici;/Satış/Kullanıcı Performans/Master IK Yonetici;False;https://raportal.kariyer.net/home/report/Sat%C4%B1%C5%9F/Kullan%C4%B1c%C4%B1%20Performans/Master%20IK%20Yonetici
09CA120E-95EA-42FE-B9C6-09F90A42133E;Master Müşteri İlişkileri;/Müşteri İlişkileri/Master Müşteri İlişkileri;False;https://raportal.kariyer.net/home/report/M%C3%BC%C5%9Fteri%20%C4%B0li%C5%9Fkileri/Master%20M%C3%BC%C5%9Fteri%20%C4%B0li%C5%9Fkileri
7A066426-0BAE-48CC-94D6-664FA5645E90;Matriks Raporu;/Subscriptions/Matriks Raporu;False;https://raportal.kariyer.net/home/report/Subscriptions/Matriks%20Raporu
87CCA3E2-8CA4-48DE-A5F8-961C6CDB3E48;Matriks Raporu;/Satış/Portföy Performans/Matriks Raporu;False;https://raportal.kariyer.net/home/report/Sat%C4%B1%C5%9F/Portf%C3%B6y%20Performans/Matriks%20Raporu
5D19D329-A484-4A95-8560-CC50F3F8E43F;Metrics;/.KARİYER.NET CORE/Metrics;False;https://raportal.kariyer.net/home/report/.KAR%C4%B0YER.NET%20CORE/Metrics
6193CC0F-0D72-4F87-9307-A9BF45A37722;Mülakat Hizmeti;/WeConsulting/Mülakat Hizmeti;False;https://raportal.kariyer.net/home/report/WeConsulting/M%C3%BClakat%20Hizmeti
6CEB0718-BC89-41F2-82F9-1A15D052D440;Müşteri İlişkileri Canlı Dashboard;/Müşteri İlişkileri/Müşteri İlişkileri Canlı Dashboard;False;https://raportal.kariyer.net/home/report/M%C3%BC%C5%9Fteri%20%C4%B0li%C5%9Fkileri/M%C3%BC%C5%9Fteri%20%C4%B0li%C5%9Fkileri%20Canl%C4%B1%20Dashboard
DD7ED396-C890-4221-B0B2-158DF1C930E3;Müşteri İlişkileri Hedef Gerçekleştirme;/Müşteri İlişkileri/Müşteri İlişkileri Hedef Gerçekleştirme;False;https://raportal.kariyer.net/home/report/M%C3%BC%C5%9Fteri%20%C4%B0li%C5%9Fkileri/M%C3%BC%C5%9Fteri%20%C4%B0li%C5%9Fkileri%20Hedef%20Ger%C3%A7ekle%C5%9Ftirme
79DB7801-3921-40C7-831C-0952FE9603EE;NextGeo - Sonuç Kodu Raporu;/Satış/Portföy Performans/NextGeo - Sonuç Kodu Raporu;False;https://raportal.kariyer.net/home/report/Sat%C4%B1%C5%9F/Portf%C3%B6y%20Performans/NextGeo%20-%20Sonu%C3%A7%20Kodu%20Raporu
B747B99C-20EA-4B19-84DE-13E6DCC0E6ED;Octupus - İşin Olsun;/Pazarlama ve Ürün Yönetimi/İşin Olsun/Octupus - İşin Olsun;False;https://raportal.kariyer.net/home/report/Pazarlama%20ve%20%C3%9Cr%C3%BCn%20Y%C3%B6netimi/%C4%B0%C5%9Fin%20Olsun/Octupus%20-%20%C4%B0%C5%9Fin%20Olsun
6E74EF0C-41FC-42B4-898F-70755A05A4F7;Organize Kullanici Bilgileri;/Subscriptions/Organize Kullanici Bilgileri;False;https://raportal.kariyer.net/home/report/Subscriptions/Organize%20Kullanici%20Bilgileri
751DD063-912D-491F-8679-9D7190E58F42;OtoPilotIlanKullanim;/Müşteri İlişkileri/OtoPilotIlanKullanim;False;https://raportal.kariyer.net/home/report/M%C3%BC%C5%9Fteri%20%C4%B0li%C5%9Fkileri/OtoPilotIlanKullanim
701BFDD5-9ACD-4207-8CF1-7C8A72BCBF70;PJA Google Kampanyası İlan Takip;/Pazarlama ve Ürün Yönetimi/PJA Google Kampanyası İlan Takip;False;https://raportal.kariyer.net/home/report/Pazarlama%20ve%20%C3%9Cr%C3%BCn%20Y%C3%B6netimi/PJA%20Google%20Kampanyas%C4%B1%20%C4%B0lan%20Takip
17528818-8027-4FB8-8605-219D3B425A67;Pasif Firma Temas Raporu;/Satış/Portföy Performans/Pasif Firma Temas Raporu;False;https://raportal.kariyer.net/home/report/Sat%C4%B1%C5%9F/Portf%C3%B6y%20Performans/Pasif%20Firma%20Temas%20Raporu
01A1AABA-6AEB-4BA8-8400-31C700F2845C;Paylasilan Satislar;/Satış/Paylasilan Satislar;False;https://raportal.kariyer.net/home/report/Sat%C4%B1%C5%9F/Paylasilan%20Satislar
83BFFE81-95BC-48EA-B770-105EF059E0A7;Pazar Payı-İlan;/.KARİYER.NET CORE/Pazar Payı-İlan;False;https://raportal.kariyer.net/home/report/.KAR%C4%B0YER.NET%20CORE/Pazar%20Pay%C4%B1-%C4%B0lan
77322FCB-5C45-4869-8218-EFEDD5917009;PeopleBox;/Pazarlama ve Ürün Yönetimi/PeopleBox;False;https://raportal.kariyer.net/home/report/Pazarlama%20ve%20%C3%9Cr%C3%BCn%20Y%C3%B6netimi/PeopleBox
A5D2562E-8ADE-48F5-93A7-845E92E9D566;PeopleBox;/Satış/PeopleBox;False;https://raportal.kariyer.net/home/report/Sat%C4%B1%C5%9F/PeopleBox
42B294A8-0593-4C54-8DB9-BB563F673A42;PeopleBox;/Model/PeopleBox;False;https://raportal.kariyer.net/home/report/Model/PeopleBox
8E26592B-F310-4B90-9B54-5269E137D745;Performans Yorum Raporu;/İnsan Kaynakları ve Eğitim/Performans Yorum Raporu;False;https://raportal.kariyer.net/home/report/%C4%B0nsan%20Kaynaklar%C4%B1%20ve%20E%C4%9Fitim/Performans%20Yorum%20Raporu
7E6773BA-69D7-453F-A5F4-EDAB4154A87B;Periyot Bazlı Satış;/Satış/Kullanıcı Performans/Periyot Bazlı Satış;False;https://raportal.kariyer.net/home/report/Sat%C4%B1%C5%9F/Kullan%C4%B1c%C4%B1%20Performans/Periyot%20Bazl%C4%B1%20Sat%C4%B1%C5%9F
F5F8F175-CA3D-4F69-AF85-B03E08591B43;Phoenix Dashboard;/WeConsulting/Phoenix Dashboard;False;https://raportal.kariyer.net/home/report/WeConsulting/Phoenix%20Dashboard
218C2E32-C230-43C2-8FE8-3AA19E3AEEA0;Pozisyon Bazli Aday Istatistikleri;/Müşteri İlişkileri/Pozisyon Bazli Aday Istatistikleri;False;https://raportal.kariyer.net/home/report/M%C3%BC%C5%9Fteri%20%C4%B0li%C5%9Fkileri/Pozisyon%20Bazli%20Aday%20Istatistikleri
FC822E32-3B2D-4EA9-A45A-210B5E38CF9D;Pozisyon Bazli Aday Istatistikleri;/Pazarlama ve Ürün Yönetimi/Aday/Pozisyon Bazli Aday Istatistikleri;False;https://raportal.kariyer.net/home/report/Pazarlama%20ve%20%C3%9Cr%C3%BCn%20Y%C3%B6netimi/Aday/Pozisyon%20Bazli%20Aday%20Istatistikleri
0F920907-8EEE-4E7C-AA41-394E4ADEA1A5;Pozisyon Bazli Avt Kullanimi;/Pazarlama ve Ürün Yönetimi/İşveren/Pozisyon Bazli Avt Kullanimi;False;https://raportal.kariyer.net/home/report/Pazarlama%20ve%20%C3%9Cr%C3%BCn%20Y%C3%B6netimi/%C4%B0%C5%9Fveren/Pozisyon%20Bazli%20Avt%20Kullanimi
1D78643A-9EA7-408F-AD81-6EB565EE5D35;Pozisyon Bazlı Maaş;/Pazarlama ve Ürün Yönetimi/İşveren/Pozisyon Bazlı Maaş;False;https://raportal.kariyer.net/home/report/Pazarlama%20ve%20%C3%9Cr%C3%BCn%20Y%C3%B6netimi/%C4%B0%C5%9Fveren/Pozisyon%20Bazl%C4%B1%20Maa%C5%9F
4EFD7B7D-776E-47F8-A349-E7AF297A8AAA;Pronet Bayi Projesi;/Subscriptions/Pronet Bayi Projesi;False;https://raportal.kariyer.net/home/report/Subscriptions/Pronet%20Bayi%20Projesi
AEEF6334-51F7-41B7-831C-880CEF36A6CC;Raportal Kullanimi;/.KARİYER.NET CORE/Raportal Kullanimi;False;https://raportal.kariyer.net/home/report/.KAR%C4%B0YER.NET%20CORE/Raportal%20Kullanimi
4EAEC030-24EA-4C13-B190-734DE2258A99;Rate1;/Rating/Rate1;False;https://raportal.kariyer.net/home/report/Rating/Rate1
CCA5938E-E842-4AEE-AE53-2011FA9D97BD;Rate2;/Rating/Rate2;False;https://raportal.kariyer.net/home/report/Rating/Rate2
0A2DCA63-153C-41D3-93B5-9511C2ED77FD;Rate3;/Rating/Rate3;False;https://raportal.kariyer.net/home/report/Rating/Rate3
5E0181FE-F556-4D4D-85A0-EBF4B1039308;Rekorlar;/.KARİYER.NET CORE/Rekorlar;False;https://raportal.kariyer.net/home/report/.KAR%C4%B0YER.NET%20CORE/Rekorlar
5BEABF20-6C7F-491B-BEFB-23388E048FA6;Rekorlarımız;/.KARİYER.NET CORE/Rekorlarımız;False;https://raportal.kariyer.net/home/report/.KAR%C4%B0YER.NET%20CORE/Rekorlar%C4%B1m%C4%B1z
5C0C0903-29C3-4392-9475-66DD2D600EF3;Researcher Performansı ve Günlük Akıllı İlan;/WeConsulting/Researcher Performansı ve Günlük Akıllı İlan;False;https://raportal.kariyer.net/home/report/WeConsulting/Researcher%20Performans%C4%B1%20ve%20G%C3%BCnl%C3%BCk%20Ak%C4%B1ll%C4%B1%20%C4%B0lan
6832CEEC-C8CA-4A4D-AB63-B9442096F9F6;Researcher Verimlilik Raporu (Canlı);/WeConsulting/Researcher Verimlilik Raporu (Canlı);False;https://raportal.kariyer.net/home/report/WeConsulting/Researcher%20Verimlilik%20Raporu%20%28Canl%C4%B1%29
BD544577-1285-4EC7-83FE-2D2CB3F91CF9;Sanal Asistan Raporu;/Satış/Portföy Performans/Sanal Asistan Raporu;False;https://raportal.kariyer.net/home/report/Sat%C4%B1%C5%9F/Portf%C3%B6y%20Performans/Sanal%20Asistan%20Raporu
1475B505-E26B-441A-9711-30B030510B87;Satis Gelistirme - Cekilis;/Subscriptions/Satis Gelistirme - Cekilis;False;https://raportal.kariyer.net/home/report/Subscriptions/Satis%20Gelistirme%20-%20Cekilis
976BB63B-EDDA-4540-A522-2105A5DA1400;Satis Oncesi Takip;/Satış/Kullanıcı Performans/Satis Oncesi Takip;False;https://raportal.kariyer.net/home/report/Sat%C4%B1%C5%9F/Kullan%C4%B1c%C4%B1%20Performans/Satis%20Oncesi%20Takip
B5633E82-9FBB-4255-9BB8-F8C5259B8D31;Satis Oncesi Takip - Bolge Detayi;/Satış/Kullanıcı Performans/Satis Oncesi Takip - Bolge Detayi;False;https://raportal.kariyer.net/home/report/Sat%C4%B1%C5%9F/Kullan%C4%B1c%C4%B1%20Performans/Satis%20Oncesi%20Takip%20-%20Bolge%20Detayi
D8F9C772-3EA0-4350-A03C-ECB628DE1291;Satis Performans Degerlendirme Raporu;/İnsan Kaynakları ve Eğitim/Satis Performans Degerlendirme Raporu;False;https://raportal.kariyer.net/home/report/%C4%B0nsan%20Kaynaklar%C4%B1%20ve%20E%C4%9Fitim/Satis%20Performans%20Degerlendirme%20Raporu
6EFA4235-8AAA-47BB-9223-A739FE53158D;Satisci Aktivite Rakamlari;/Satış/Kullanıcı Performans/Satisci Aktivite Rakamlari;False;https://raportal.kariyer.net/home/report/Sat%C4%B1%C5%9F/Kullan%C4%B1c%C4%B1%20Performans/Satisci%20Aktivite%20Rakamlari
38D48A64-F589-443A-A09E-8A6BFB6D4419;Satisci Aktivite Rakamlari_ Gunluk;/Satış/Kullanıcı Performans/Satisci Aktivite Rakamlari_ Gunluk;False;https://raportal.kariyer.net/home/report/Sat%C4%B1%C5%9F/Kullan%C4%B1c%C4%B1%20Performans/Satisci%20Aktivite%20Rakamlari_%20Gunluk
64D93317-E0C0-45D8-A7CA-EB0888E13BBE;Satisci Firma Dagilimlari;/Subscriptions/Satisci Firma Dagilimlari;False;https://raportal.kariyer.net/home/report/Subscriptions/Satisci%20Firma%20Dagilimlari
CA27CE1B-5C7A-4738-A2BD-ED1DCEB68BBC;Satisci Firma Dagilimlari;/Satış/Portföy Performans/Satisci Firma Dagilimlari;False;https://raportal.kariyer.net/home/report/Sat%C4%B1%C5%9F/Portf%C3%B6y%20Performans/Satisci%20Firma%20Dagilimlari
757878D1-B3AE-4CB1-B408-CDE5F498B88B;Satisci Firma Temas Raporu;/Satış/Kullanıcı Performans/Satisci Firma Temas Raporu;False;https://raportal.kariyer.net/home/report/Sat%C4%B1%C5%9F/Kullan%C4%B1c%C4%B1%20Performans/Satisci%20Firma%20Temas%20Raporu
B9F72722-3090-496F-A4EE-5735E2B6E24D;Satış Aktivite Raporu;/.KARİYER.NET CORE/Satış Aktivite Raporu;False;https://raportal.kariyer.net/home/report/.KAR%C4%B0YER.NET%20CORE/Sat%C4%B1%C5%9F%20Aktivite%20Raporu
9D1CC993-E81B-4623-AFD3-B201349CB5C6;Satış Kiti;/Satış/Kullanıcı Performans/Satış Kiti;False;https://raportal.kariyer.net/home/report/Sat%C4%B1%C5%9F/Kullan%C4%B1c%C4%B1%20Performans/Sat%C4%B1%C5%9F%20Kiti
B8F25EFC-7385-460B-91B6-7024CE7A2310;Savedesk Protokolü;/Satış/Portföy Performans/Savedesk Protokolü;False;https://raportal.kariyer.net/home/report/Sat%C4%B1%C5%9F/Portf%C3%B6y%20Performans/Savedesk%20Protokol%C3%BC
ED381194-DB32-4B13-A24A-27737552104F;Score Card;/Müşteri İlişkileri/Score Card;False;https://raportal.kariyer.net/home/report/M%C3%BC%C5%9Fteri%20%C4%B0li%C5%9Fkileri/Score%20Card
853AE850-27A6-4C75-A6E0-2933BB8A70E9;Sehir ve Pozisyon Bazli Maas Verileri;/Pazarlama ve Ürün Yönetimi/İşkolig/Sehir ve Pozisyon Bazli Maas Verileri;False;https://raportal.kariyer.net/home/report/Pazarlama%20ve%20%C3%9Cr%C3%BCn%20Y%C3%B6netimi/%C4%B0%C5%9Fkolig/Sehir%20ve%20Pozisyon%20Bazli%20Maas%20Verileri
8710A26F-CF24-4E83-9F7F-BEA8469C96C3;Sisecam (R002);/Subscriptions/Sisecam (R002);False;https://raportal.kariyer.net/home/report/Subscriptions/Sisecam%20%28R002%29
23CF8636-AF77-42BF-AEEE-6C60ED5F21F1;Sonradan Girilen Sozlesmeler;/Finans/Sonradan Girilen Sozlesmeler;False;https://raportal.kariyer.net/home/report/Finans/Sonradan%20Girilen%20Sozlesmeler
A87D8FCE-F076-423B-B678-E0C7AFBC633E;Sosyal Login;/Model/Sosyal Login;False;https://raportal.kariyer.net/home/report/Model/Sosyal%20Login
B690BA9F-5951-4583-BCEF-0A240FE5DCB1;Sozlesme Detayinda Kullanim;/Müşteri İlişkileri/Sozlesme Detayinda Kullanim;False;https://raportal.kariyer.net/home/report/M%C3%BC%C5%9Fteri%20%C4%B0li%C5%9Fkileri/Sozlesme%20Detayinda%20Kullanim
0506CE50-747C-4E02-91CE-71176F49401D;Sped Aday;/Müşteri İlişkileri/Sped Aday;False;https://raportal.kariyer.net/home/report/M%C3%BC%C5%9Fteri%20%C4%B0li%C5%9Fkileri/Sped%20Aday
31B77169-6F1B-4299-A5E3-A73821931DEC;Spent;/.KARİYER.NET CORE/Spent;False;https://raportal.kariyer.net/home/report/.KAR%C4%B0YER.NET%20CORE/Spent
80BE231F-17C9-4384-A00E-39C96F137449;Stratejik Focus (2025);/Satış/Kullanıcı Performans/Stratejik Focus (2025);False;https://raportal.kariyer.net/home/report/Sat%C4%B1%C5%9F/Kullan%C4%B1c%C4%B1%20Performans/Stratejik%20Focus%20%282025%29
BBD3D9E1-0941-413E-87A1-D4AC0ABA45E6;Stratejik Focus (2026);/Satış/Kullanıcı Performans/Stratejik Focus (2026);False;https://raportal.kariyer.net/home/report/Sat%C4%B1%C5%9F/Kullan%C4%B1c%C4%B1%20Performans/Stratejik%20Focus%20%282026%29
76041583-FF1E-4271-853D-82186C3D53CC;Süper İlan;/.KARİYER.NET CORE/Süper İlan;False;https://raportal.kariyer.net/home/report/.KAR%C4%B0YER.NET%20CORE/S%C3%BCper%20%C4%B0lan
B24CBD37-F049-4808-94AF-26D517215571;Tahimini Hedef Gerçekleştirme;/Satış/Kullanıcı Performans/Tahimini Hedef Gerçekleştirme;False;https://raportal.kariyer.net/home/report/Sat%C4%B1%C5%9F/Kullan%C4%B1c%C4%B1%20Performans/Tahimini%20Hedef%20Ger%C3%A7ekle%C5%9Ftirme
67D99CEF-596F-4070-BD23-71F3C821DFCF;Tahmini HGO;/Satış/Kullanıcı Performans/Tahmini HGO;False;https://raportal.kariyer.net/home/report/Sat%C4%B1%C5%9F/Kullan%C4%B1c%C4%B1%20Performans/Tahmini%20HGO
3FFA124F-3DE1-4950-98CD-C519D7F81B44;Tahsilat Kapama Raporu;/Finans/Tahsilat Kapama Raporu;False;https://raportal.kariyer.net/home/report/Finans/Tahsilat%20Kapama%20Raporu
8029BF82-D055-4F6E-9C22-6B609ADFA5D3;Tahtakale;/Pazarlama ve Ürün Yönetimi/İşin Olsun/Tahtakale;False;https://raportal.kariyer.net/home/report/Pazarlama%20ve%20%C3%9Cr%C3%BCn%20Y%C3%B6netimi/%C4%B0%C5%9Fin%20Olsun/Tahtakale
579DA801-FB21-49F2-B1E0-C196CE40E937;Techcareer Dashboard;/.KARİYER.NET CORE/Techcareer Dashboard;False;https://raportal.kariyer.net/home/report/.KAR%C4%B0YER.NET%20CORE/Techcareer%20Dashboard
02DF844E-EBFB-46DC-B41A-E7734AD215B9;Techcareer Günlük Metrikleri;/.KARİYER.NET CORE/Techcareer Günlük Metrikleri;False;https://raportal.kariyer.net/home/report/.KAR%C4%B0YER.NET%20CORE/Techcareer%20G%C3%BCnl%C3%BCk%20Metrikleri
4531FDF8-2E60-454B-8377-B33920D2B4F6;Techcareer.net;/Satış/Techcareer.net;False;https://raportal.kariyer.net/home/report/Sat%C4%B1%C5%9F/Techcareer.net
3CFF7666-31E8-4CF8-8A27-13291D529363;Techcareer.net;/Model/Techcareer.net;False;https://raportal.kariyer.net/home/report/Model/Techcareer.net
2461E56C-31A4-4DA3-8E16-AADE7D786EB8;Teklif Raporu;/Satış/Portföy Performans/Teklif Raporu;False;https://raportal.kariyer.net/home/report/Sat%C4%B1%C5%9F/Portf%C3%B6y%20Performans/Teklif%20Raporu
1B635E14-33F5-4AFB-9EB1-F7572BDDC47D;Teknoloji Ilan Takibi-Memnuniyet Aramaları;/AZR Sorgu/Teknoloji Ilan Takibi-Memnuniyet Aramaları;False;https://raportal.kariyer.net/home/report/AZR%20Sorgu/Teknoloji%20Ilan%20Takibi-Memnuniyet%20Aramalar%C4%B1
592C3EC7-3099-451A-BE29-3EB8893E84EA;Tekrarlı Yayınlanan Ilanlar;/WeConsulting/Tekrarlı Yayınlanan Ilanlar;False;https://raportal.kariyer.net/home/report/WeConsulting/Tekrarl%C4%B1%20Yay%C4%B1nlanan%20Ilanlar
C6C0B1C4-C38F-48D4-81D5-F6F52B6F5DE1;Tele Satis Firma Arama Analizi;/Satış/Kullanıcı Performans/Tele Satis Firma Arama Analizi;False;https://raportal.kariyer.net/home/report/Sat%C4%B1%C5%9F/Kullan%C4%B1c%C4%B1%20Performans/Tele%20Satis%20Firma%20Arama%20Analizi
F982FB1F-98CD-44F0-A426-9FFE2CA4B203;Tespo;/Pazarlama ve Ürün Yönetimi/İşin Olsun/Tespo;False;https://raportal.kariyer.net/home/report/Pazarlama%20ve%20%C3%9Cr%C3%BCn%20Y%C3%B6netimi/%C4%B0%C5%9Fin%20Olsun/Tespo
6BDA58EC-355D-497C-94C1-D5395DEFB9EC;Turkcell (R004);/Subscriptions/Turkcell (R004);False;https://raportal.kariyer.net/home/report/Subscriptions/Turkcell%20%28R004%29
D81C9B77-0F8E-4564-94D1-3592063BA0C4;Turkiyeyi Mora Boyuyoruz;/Satış/Turkiyeyi Mora Boyuyoruz;False;https://raportal.kariyer.net/home/report/Sat%C4%B1%C5%9F/Turkiyeyi%20Mora%20Boyuyoruz
F1112BF2-D3DD-4BB3-BF55-870590C25EF0;Upsell-Downsell Raporu;/Pazarlama ve Ürün Yönetimi/İşveren/Upsell-Downsell Raporu;False;https://raportal.kariyer.net/home/report/Pazarlama%20ve%20%C3%9Cr%C3%BCn%20Y%C3%B6netimi/%C4%B0%C5%9Fveren/Upsell-Downsell%20Raporu
1E578D32-0391-4C85-9DE9-7D3ACC3C077F;Uyelik Yili - Mezuniyet Yili Cohort;/Pazarlama ve Ürün Yönetimi/Aday/Uyelik Yili - Mezuniyet Yili Cohort;False;https://raportal.kariyer.net/home/report/Pazarlama%20ve%20%C3%9Cr%C3%BCn%20Y%C3%B6netimi/Aday/Uyelik%20Yili%20-%20Mezuniyet%20Yili%20Cohort
435EFD8D-C339-4DCC-AD60-6FFBE3EB2D74;Vadeli Sozlesme Odemeleri;/Finans/Vadeli Sozlesme Odemeleri;False;https://raportal.kariyer.net/home/report/Finans/Vadeli%20Sozlesme%20Odemeleri
F18585A7-E2F5-4749-93CD-04AFCD0636CF;Veri Guncelleme Ekip Raporu;/Müşteri İlişkileri/Veri Guncelleme Ekip Raporu;False;https://raportal.kariyer.net/home/report/M%C3%BC%C5%9Fteri%20%C4%B0li%C5%9Fkileri/Veri%20Guncelleme%20Ekip%20Raporu
2ADD2DC1-1629-4CA7-A96B-9F502C81C5B4;Veri Kontrol Raporu;/Teknoloji ve İnovasyon/Veri Kontrol Raporu;False;https://raportal.kariyer.net/home/report/Teknoloji%20ve%20%C4%B0novasyon/Veri%20Kontrol%20Raporu
B57D0E47-ED04-4F2C-AB6C-5581D09893B3;Verimlilik Raporu;/Müşteri İlişkileri/Verimlilik Raporu;False;https://raportal.kariyer.net/home/report/M%C3%BC%C5%9Fteri%20%C4%B0li%C5%9Fkileri/Verimlilik%20Raporu
02FE54EC-2178-47DC-8F28-99D9DC601978;WeBrand;/WeConsulting/WeBrand;False;https://raportal.kariyer.net/home/report/WeConsulting/WeBrand
2CC78645-96DC-491F-BF3C-07DB0C46B0B8;WeBrand Teklif ve Satışları;/WeConsulting/WeBrand Teklif ve Satışları;False;https://raportal.kariyer.net/home/report/WeConsulting/WeBrand%20Teklif%20ve%20Sat%C4%B1%C5%9Flar%C4%B1
8C6F3365-0A20-42A2-BEC1-9A90CB481594;WeBrand Teklif ve Satışları;/Model/WeBrand Teklif ve Satışları;False;https://raportal.kariyer.net/home/report/Model/WeBrand%20Teklif%20ve%20Sat%C4%B1%C5%9Flar%C4%B1
D81FD98A-2D69-496E-9A94-AD11E1700629;WeConsulting;/WeConsulting/WeConsulting;False;https://raportal.kariyer.net/home/report/WeConsulting/WeConsulting
FE8F5C86-C25E-4EBD-A916-530CB2D20D98;WeConsulting-Satışlar;/WeConsulting/WeConsulting-Satışlar;False;https://raportal.kariyer.net/home/report/WeConsulting/WeConsulting-Sat%C4%B1%C5%9Flar
BC55BBB4-3AEA-4CD1-97F5-3FE99534FED0;WeHire Firma Kümeleri;/Satış/Portföy Performans/WeHire Firma Kümeleri;False;https://raportal.kariyer.net/home/report/Sat%C4%B1%C5%9F/Portf%C3%B6y%20Performans/WeHire%20Firma%20K%C3%BCmeleri
99715BDF-147F-48F6-9A84-2228241B0DE3;WeHire Gelir Raporu;/WeConsulting/WeHire Gelir Raporu;False;https://raportal.kariyer.net/home/report/WeConsulting/WeHire%20Gelir%20Raporu
E2028D45-B7D2-442F-A53D-805733913D74;WeHire Referans Listesi;/Satış/WeHire Referans Listesi;False;https://raportal.kariyer.net/home/report/Sat%C4%B1%C5%9F/WeHire%20Referans%20Listesi
3DB716D7-B450-4DEF-973E-F36333935AA7;WeHire Teklifleri;/WeConsulting/WeHire Teklifleri;False;https://raportal.kariyer.net/home/report/WeConsulting/WeHire%20Teklifleri
610DA47F-6A11-4ACC-B152-E3004A4159AB;WeHire İptalleri;/WeConsulting/WeHire İptalleri;False;https://raportal.kariyer.net/home/report/WeConsulting/WeHire%20%C4%B0ptalleri
69677E26-CEAA-495F-9AC2-C5794196F21E;WeeklyTopline;/Pazarlama ve Ürün Yönetimi/WeeklyTopline;False;https://raportal.kariyer.net/home/report/Pazarlama%20ve%20%C3%9Cr%C3%BCn%20Y%C3%B6netimi/WeeklyTopline
CEB2C85A-C31B-4D29-A541-1CA3E4F0C274;Yeni Eklenen Firmalar;/Satış/Portföy Performans/Yeni Eklenen Firmalar;False;https://raportal.kariyer.net/home/report/Sat%C4%B1%C5%9F/Portf%C3%B6y%20Performans/Yeni%20Eklenen%20Firmalar
2826E2EB-86C7-4121-BC81-9FA6CB0B0FAF;Yenilememe Risk Alarmları;/Satış/Portföy Performans/Yenilememe Risk Alarmları;False;https://raportal.kariyer.net/home/report/Sat%C4%B1%C5%9F/Portf%C3%B6y%20Performans/Yenilememe%20Risk%20Alarmlar%C4%B1
17769DE0-F7DD-4A39-84ED-4C33F0BBD057;Yenilemesi Gelen Firmalar;/Satış/Portföy Performans/Yenilemesi Gelen Firmalar;False;https://raportal.kariyer.net/home/report/Sat%C4%B1%C5%9F/Portf%C3%B6y%20Performans/Yenilemesi%20Gelen%20Firmalar
EE15F0F6-7ABC-4AFE-AD5A-2B7751583893;Yıllık Kariyer.net KPIs;/.KARİYER.NET CORE/Yıllık Kariyer.net KPIs;False;https://raportal.kariyer.net/home/report/.KAR%C4%B0YER.NET%20CORE/Y%C4%B1ll%C4%B1k%20Kariyer.net%20KPIs
D0C27630-91B1-4590-A870-4F59A736F81E;Ziyaret Talepleri;/Satış/Portföy Performans/Ziyaret Talepleri;False;https://raportal.kariyer.net/home/report/Sat%C4%B1%C5%9F/Portf%C3%B6y%20Performans/Ziyaret%20Talepleri
8C4580B1-3464-4169-84F0-0A06E36BBF6B;_Satışlar;/Satış/_Satışlar;False;https://raportal.kariyer.net/home/report/Sat%C4%B1%C5%9F/_Sat%C4%B1%C5%9Flar
CFEFFF13-58E3-4FC1-B07F-1026AB8EDCA1;Çağrı-Kalite Puanları;/Satış/Kullanıcı Performans/Çağrı-Kalite Puanları;False;https://raportal.kariyer.net/home/report/Sat%C4%B1%C5%9F/Kullan%C4%B1c%C4%B1%20Performans/%C3%87a%C4%9Fr%C4%B1-Kalite%20Puanlar%C4%B1
B5618629-082A-4E80-82D9-F7711BD36DB2;İKÇO ve Ekip Paket Satış Dashboardu;/Satış/İKÇO ve Ekip Paket Satış Dashboardu;False;https://raportal.kariyer.net/home/report/Sat%C4%B1%C5%9F/%C4%B0K%C3%87O%20ve%20Ekip%20Paket%20Sat%C4%B1%C5%9F%20Dashboardu
592B2F99-2681-4C1E-92B4-2D05D0EC113C;İYS;/Pazarlama ve Ürün Yönetimi/İYS;False;https://raportal.kariyer.net/home/report/Pazarlama%20ve%20%C3%9Cr%C3%BCn%20Y%C3%B6netimi/%C4%B0YS
046B7EF4-D66D-409C-913E-266E75CA121B;İlan Başı Başvuru;/Pazarlama ve Ürün Yönetimi/Aday/İlan Başı Başvuru;False;https://raportal.kariyer.net/home/report/Pazarlama%20ve%20%C3%9Cr%C3%BCn%20Y%C3%B6netimi/Aday/%C4%B0lan%20Ba%C5%9F%C4%B1%20Ba%C5%9Fvuru
1DAB6A6A-70E7-43F4-A2F0-7CB6ACF3F03A;İlan Ligi-V2;/Pazarlama ve Ürün Yönetimi/İlan Ligi-V2;False;https://raportal.kariyer.net/home/report/Pazarlama%20ve%20%C3%9Cr%C3%BCn%20Y%C3%B6netimi/%C4%B0lan%20Ligi-V2
AEFD1DA3-974A-402F-9A28-BB65E88E7DE6;İlk 100 Gün Ek Ürün Satışı;/.KARİYER.NET CORE/İlk 100 Gün Ek Ürün Satışı;False;https://raportal.kariyer.net/home/report/.KAR%C4%B0YER.NET%20CORE/%C4%B0lk%20100%20G%C3%BCn%20Ek%20%C3%9Cr%C3%BCn%20Sat%C4%B1%C5%9F%C4%B1
F6FE8A5E-9BED-49C9-AFDB-BFB084E05C95;İlk Temas Ekibi-İşin Olsun Banner Tipi Formlar;/Müşteri İlişkileri/İlk Temas Ekibi-İşin Olsun Banner Tipi Formlar;False;https://raportal.kariyer.net/home/report/M%C3%BC%C5%9Fteri%20%C4%B0li%C5%9Fkileri/%C4%B0lk%20Temas%20Ekibi-%C4%B0%C5%9Fin%20Olsun%20Banner%20Tipi%20Formlar
1307FF9C-D07A-40FC-BEFF-73CA69FCFD80;İşin Olsun - Mobil İlan;/Müşteri İlişkileri/İşin Olsun - Mobil İlan;False;https://raportal.kariyer.net/home/report/M%C3%BC%C5%9Fteri%20%C4%B0li%C5%9Fkileri/%C4%B0%C5%9Fin%20Olsun%20-%20Mobil%20%C4%B0lan
EC7050B4-176C-4A31-9922-199DEB3134D7;İşin Olsun Gelir Raporu;/Pazarlama ve Ürün Yönetimi/İşin Olsun/İşin Olsun Gelir Raporu;False;https://raportal.kariyer.net/home/report/Pazarlama%20ve%20%C3%9Cr%C3%BCn%20Y%C3%B6netimi/%C4%B0%C5%9Fin%20Olsun/%C4%B0%C5%9Fin%20Olsun%20Gelir%20Raporu
AE56FE66-BD7F-4E55-B721-A74E07D1CE7C;İşin Olsun Kırılımlı;/Pazarlama ve Ürün Yönetimi/İşin Olsun/İşin Olsun Kırılımlı;False;https://raportal.kariyer.net/home/report/Pazarlama%20ve%20%C3%9Cr%C3%BCn%20Y%C3%B6netimi/%C4%B0%C5%9Fin%20Olsun/%C4%B0%C5%9Fin%20Olsun%20K%C4%B1r%C4%B1l%C4%B1ml%C4%B1
618F2437-A1E8-4BA9-9365-CECC3FD8ED9F;İşin Olsun Memnuniyet;/Müşteri İlişkileri/İşin Olsun Memnuniyet;False;https://raportal.kariyer.net/home/report/M%C3%BC%C5%9Fteri%20%C4%B0li%C5%9Fkileri/%C4%B0%C5%9Fin%20Olsun%20Memnuniyet
FF8872E1-B193-4063-8646-6CECE3262341;İşin Olsun Memnuniyet;/AZR Sorgu/İşin Olsun Memnuniyet;False;https://raportal.kariyer.net/home/report/AZR%20Sorgu/%C4%B0%C5%9Fin%20Olsun%20Memnuniyet
5AC1E615-65C3-4727-9B36-2FE24FC50887;İşin Olsun Metrikleri;/.KARİYER.NET CORE/İşin Olsun Metrikleri;False;https://raportal.kariyer.net/home/report/.KAR%C4%B0YER.NET%20CORE/%C4%B0%C5%9Fin%20Olsun%20Metrikleri
FD43DD77-DDBE-4412-A9BA-E1AD22188DEE;İşin Olsun İlan Hizmeti;/Pazarlama ve Ürün Yönetimi/İşin Olsun/İşin Olsun İlan Hizmeti;False;https://raportal.kariyer.net/home/report/Pazarlama%20ve%20%C3%9Cr%C3%BCn%20Y%C3%B6netimi/%C4%B0%C5%9Fin%20Olsun/%C4%B0%C5%9Fin%20Olsun%20%C4%B0lan%20Hizmeti
